Workbook

Sheet Contents
A1: Education at a Glance 2018: OECD Indicators - © OECD 2018
A2: D | B2: Indicator D4. How much time do teachers spend teaching?
A3: Version 2 - Last updated: 05-Sep-2018
A4: Disclaimer: http://oe.cd/disclaimer
A6: Education at a Glance 2018
A7: Indicator D4: How much time do teachers spend teaching?
A9: Tables
A10: Table D4.1. | B10: Organisation of teachers' working time (2017)
A11: Table D4.2. | B11: Number of teaching hours per year (2000, 2005 to 2017)
A12: Table D4.3. | B12: Tasks and responsibilities of teachers, by level of education (2017)
A14: Figures
A15: Figure D4.1. | B15: Number of teaching hours per year in general lower secondary education (2000, 2005 and 2017)
A16: Figure D4.2. | B16: Number of teaching hours per year, by level of education (2017)
A17: Figure D4.3. | B17: Number of teaching hours per year in general and vocational programmes at upper secondary level (2017)
A18: Figure D4.4. | B18: Percentage of lower secondary teachers' working time spent teaching (2017)
A19: Figure D4.5 (Web only). | B19: Actual and statutory teaching time in general lower secondary education (2016)
A21: Box
A22: Figure D4.a | B22: Tasks and responsibilities lower secondary teachers are required to perform (2017)
A25: © OECD 2018
A27: Symbols for missing data
A28: m | B28: Data are not available
A29: a | B29: Data are not applicable because the category does not apply
A30: x | B30: Data included in another category
A31: d | B31: Includes data from another category
A32: 0 | B32: Magnitude is either negligible or zero
A33: b | B33: Break in the time series

Sheet Table D4.1.
A1: Education at a Glance 2018: OECD Indicators - © OECD 2018
A2: D | B2: Indicator D4. How much time do teachers spend teaching?
A3: Version 2 - Last updated: 05-Sep-2018
A4: Disclaimer: http://oe.cd/disclaimer
A6: Table D4.1.
A7: Organisation of teachers' working time (2017)
A8: Number of statutory teaching weeks, teaching days, net teaching hours and teachers' working time in public institutions over the school year
B10: Notes | C10: Number of weeks of teaching | O10: Number of days of teaching | AA10: Net teaching time, in hours | AM10: Working time required at school, in hours | AY10: Total statutory working time, in hours
C11: Pre-primary | E11: Primary | G11: Lower secondary, general programmes | I11: Lower secondary, vocational programmes | K11: Upper secondary, general programmes | M11: Upper secondary, vocational programmes | O11: Pre-primary | Q11: Primary | S11: Lower secondary, general programmes | U11: Lower secondary, vocational programmes | W11: Upper secondary, general programmes | Y11: Upper secondary, vocational programmes | AA11: Pre-primary | AC11: Primary | AE11: Lower secondary, general programmes | AG11: Lower secondary, vocational programmes | AI11: Upper secondary, general programmes | AK11: Upper secondary, vocational programmes | AM11: Pre-primary | AO11: Primary | AQ11: Lower secondary, general programmes | AS11: Lower secondary, vocational programmes | AU11: Upper secondary, general programmes | AW11: Upper secondary, vocational programmes | AY11: Pre-primary | BA11: Primary | BC11: Lower secondary, general programmes | BE11: Lower secondary, vocational programmes | BG11: Upper secondary, general programmes | BI11: Upper secondary, vocational programmes
C12: 1 | E12: 2 | G12: 3 | I12: 4 | K12: 5 | M12: 6 | O12: 7 | Q12: 8 | S12: 9 | U12: 10 | W12: 11 | Y12: 12 | AA12: 13 | AC12: 14 | AE12: 15 | AG12: 16 | AI12: 17 | AK12: 18 | AM12: 19 | AO12: 20 | AQ12: 21 | AS12: 22 | AU12: 23 | AW12: 24 | AY12: 25 | BA12: 26 | BC12: 27 | BE12: 28 | BG12: 29 | BI12: 30
A13: OECD
A14: Countries
A15: Australia | B15: 1 | C15: 40.000004 | E15: 40.36795 | G15: 40.368896 | J15: m | K15: 40.368896 | N15: m | O15: 197.55507 | Q15: 195.07356 | S15: 195.09894 | V15: m | W15: 195.09894 | Z15: m | AA15: 903.24667 | AC15: 865.2686 | AE15: 797.28162 | AH15: m | AI15: 797.28162 | AL15: m | AM15: 1243.4473 | AO15: 1241.8278 | AQ15: 1239.1869 | AT15: m | AU15: 1239.1869 | AX15: m | AZ15: a | BB15: a | BD15: a | BF15: a | BH15: a | BJ15: a
A16: Austria | B16: 1 | D16: m | E16: 38 | G16: 38 | J16: a | K16: 38 | N16: m | P16: m | Q16: 180 | S16: 180 | V16: a | W16: 180 | Z16: m | AB16: m | AC16: 779.4 | AE16: 606.6 | AH16: a | AI16: 588.6 | AL16: m | AN16: m | AP16: a | AR16: a | AT16: a | AV16: a | AX16: a | AZ16: a | BA16: 1776 | BC16: 1776 | BF16: a | BH16: a | BJ16: a
A17: Canada | B17: 1 | D17: m | E17: 36.563326 | G17: 36.563326 | I17: 40 | K17: 36.563326 | M17: 40 | P17: m | Q17: 182.81663 | S17: 182.81663 | U17: 200 | W17: 182.81663 | Y17: 200 | AB17: m | AC17: 797.7713 | AE17: 744.53292 | AG17: 635 | AI17: 745.74031 | AK17: 635 | AN17: m | AO17: 1228.2119 | AQ17: 1233.3686 | AS17: 1280 | AU17: 1236.3154 | AW17: 1280 | AZ17: m | BB17: a | BD17: a | BE17: 1280 | BH17: a | BI17: 1280
A18: Chile | B18: 2 | C18: 38 | E18: 38 | G18: 38 | J18: a | K18: 38 | M18: 38 | O18: 178 | Q18: 178 | S18: 178 | V18: a | W18: 178 | Y18: 178 | AA18: 1063.5552 | AC18: 1063.5552 | AE18: 1063.5552 | AH18: a | AI18: 1063.5552 | AK18: 1063.5552 | AM18: 1830.4 | AO18: 1830.4 | AQ18: 1830.4 | AT18: a | AU18: 1830.4 | AW18: 1830.4 | AY18: 1962.4 | BA18: 1962.4 | BC18: 1962.4 | BF18: a | BG18: 1962.4 | BI18: 1962.4
A19: Czech Republic | B19: 1 | C19: 45 | E19: 39 | G19: 39 | I19: 39 | K19: 39 | M19: 39 | O19: 215 | Q19: 187 | S19: 187 | U19: 187 | W19: 187 | Y19: 187 | AA19: 1333 | AC19: 617.1 | AE19: 617.1 | AG19: 617.1 | AI19: 589.05 | AK19: 589.05 | AN19: a | AP19: a | AR19: a | AT19: a | AV19: a | AX19: a | AY19: 1800 | BA19: 1560 | BC19: 1560 | BE19: 1560 | BG19: 1560 | BI19: 1560
A20: Denmark | D20: a | F20: a | H20: a | J20: a | L20: a | N20: a | P20: a | R20: a | T20: a | V20: a | X20: a | Z20: a | AB20: a | AD20: a | AF20: a | AH20: a | AI20: 405 | AK20: 615 | AN20: a | AP20: a | AR20: a | AT20: a | AV20: a | AX20: a | AY20: 1680 | BA20: 1680 | BC20: 1680 | BE20: 1680 | BG20: 1680 | BI20: 1680
A21: Estonia | B21: 1 | C21: 46 | E21: 35 | G21: 35 | I21: 40 | K21: 35 | M21: 40 | O21: 220 | Q21: 172 | S21: 172 | U21: 195 | W21: 172 | Y21: 195 | AA21: 1320 | AC21: 584.8 | AE21: 602 | AH21: a | AI21: 567.6 | AL21: a | AM21: 1610 | AP21: a | AR21: a | AT21: a | AV21: a | AX21: a | AY21: 1610 | BA21: 1540 | BC21: 1540 | BE21: 1540 | BG21: 1540 | BI21: 1540
A22: Finland | B22: 3 | D22: m | E22: 38 | G22: 38 | J22: a | K22: 38 | M22: 38 | P22: m | Q22: 187 | S22: 187 | V22: a | W22: 187 | Y22: 187 | AB22: m | AC22: 673.2 | AE22: 589.05 | AH22: a | AI22: 547.162 | AK22: 688.16 | AN22: m | AO22: 787.2 | AQ22: 703 | AT22: a | AU22: 642.2 | AW22: 769.2 | AZ22: a | BB22: a | BD22: a | BF22: a | BH22: a | BJ22: a
A23: France | B23: 1 | C23: 36 | E23: 36 | G23: 36 | I23: 36 | K23: 36 | M23: 36 | O23: 162 | Q23: 162 | T23: a | V23: a | X23: a | Z23: a | AA23: 900 | AC23: 900 | AE23: 684 | AG23: 684 | AI23: 684 | AK23: 684 | AM23: 954 | AO23: 954 | AR23: a | AT23: a | AV23: a | AX23: a | AY23: 1607 | BA23: 1607 | BC23: 1607 | BE23: 1607 | BG23: 1607 | BI23: 1607
A24: Germany | B24: 1 | C24: 46 | E24: 39.5 | G24: 39.5 | J24: a | K24: 39.5 | M24: 39.5 | O24: 225 | Q24: 192.5 | S24: 192.5 | V24: a | W24: 192.5 | Y24: 192.5 | AA24: 1755 | AC24: 800.53659 | AE24: 747.40942 | AH24: a | AI24: 719.32344 | AK24: 726.1909 | AN24: a | AP24: a | AR24: a | AT24: a | AV24: a | AX24: a | AY24: 1781.5 | BA24: 1781.5 | BC24: 1781.5 | BF24: a | BG24: 1781.5 | BI24: 1781.5
A25: Greece | B25: 2 | C25: 35.8 | E25: 35.8 | G25: 35.9 | J25: a | K25: 35.03 | M25: 35.03 | O25: 176 | Q25: 176 | S25: 176.5 | V25: a | W25: 172.15 | Y25: 172.15 | AA25: 821.92 | AC25: 660 | AE25: 608.925 | AH25: a | AI25: 593.9175 | AK25: 593.9175 | AM25: 1134 | AO25: 1134 | AQ25: 1176 | AT25: a | AU25: 1176 | AW25: 1176 | AZ25: a | BB25: a | BD25: a | BF25: a | BH25: a | BJ25: a
A26: Hungary | B26: 3 | C26: 43.4 | E26: 38 | G26: 38 | I26: 38 | K26: 38 | M26: 38 | O26: 210 | Q26: 182 | S26: 182 | U26: 181 | W26: 181 | Y26: 181 | AA26: 1344 | AC26: 655.2 | AE26: 655.2 | AG26: 651.6 | AI26: 651.6 | AK26: 651.6 | AM26: 1512 | AO26: 1164.8 | AQ26: 1164.8 | AS26: 1158.4 | AU26: 1158.4 | AW26: 1158.4 | AY26: 1664 | BA26: 1664 | BC26: 1664 | BE26: 1664 | BG26: 1664 | BI26: 1664
A27: Iceland | C27: 46 | E27: 37 | G27: 37 | J27: a | K27: 36 | M27: 36 | O27: 225 | Q27: 180 | S27: 180 | V27: a | W27: 175 | Y27: 175 | AA27: 1620 | AC27: 623.88 | AE27: 623.88 | AH27: a | AI27: 485.39326 | AK27: 508.23529 | AM27: 1760 | AO27: 1610 | AQ27: 1610 | AT27: a | AU27: 1440 | AW27: 1440 | AY27: 1760 | BA27: 1760 | BC27: 1760 | BF27: m | BG27: 1800 | BI27: 1800
A28: Ireland | B28: 1 | D28: m | E28: 36.6 | G28: 32.8 | J28: a | K28: 32.8 | N28: m | P28: m | Q28: 182 | S28: 164 | V28: a | W28: 164 | Z28: m | AB28: m | AC28: 910 | AE28: 721.6 | AH28: a | AI28: 721.6 | AL28: m | AN28: m | AO28: 1073 | AQ28: 810.8 | AT28: a | AU28: 810.8 | AX28: m | AZ28: a | BB28: a | BD28: a | BF28: a | BH28: a | BJ28: a
A29: Israel | B29: 1 | C29: 37.451503 | E29: 37.451503 | G29: 36.088253 | I29: 36.088253 | K29: 36.088253 | M29: 36.088253 | O29: 182.25751 | Q29: 182.25751 | S29: 175.44127 | U29: 175.44127 | W29: 173.44127 | Y29: 173.44127 | AA29: 1030.7533 | AC29: 843.34742 | AE29: 698.87171 | AG29: 698.87171 | AI29: 609.74472 | AK29: 609.74472 | AM29: 1067.2048 | AO29: 1236.2151 | AQ29: 1181.2124 | AS29: 1181.2124 | AU29: 1166.2525 | AW29: 1166.2525 | AY29: 1067.2048 | BA29: 1236.2151 | BC29: 1181.2124 | BE29: 1181.2124 | BG29: 1166.2525 | BI29: 1166.2525
A30: Italy | B30: 1 | C30: 42 | E30: 39 | G30: 39 | J30: a | K30: 39 | M30: 39 | O30: 189 | Q30: 174 | S30: 174 | V30: a | W30: 174 | Y30: 174 | AA30: 945 | AC30: 765.6 | AE30: 626.4 | AH30: a | AI30: 626.4 | AK30: 626.4 | AN30: a | AP30: a | AR30: a | AT30: a | AV30: a | AX30: a | AZ30: a | BB30: a | BD30: a | BF30: a | BH30: a | BJ30: a
A31: Japan | B31: 4 | D31: m | E31: 40.222 | G31: 40.213 | J31: a | K31: 39.289 | M31: 39.289 | P31: m | Q31: 201.11 | S31: 201.065 | V31: a | W31: 196.445 | Y31: 196.445 | AB31: m | AC31: 742.0959 | AE31: 609.91057 | AH31: a | AI31: 510.757 | AK31: 510.757 | AN31: a | AP31: a | AR31: a | AT31: a | AV31: a | AX31: a | AY31: 1883 | BA31: 1883 | BC31: 1883 | BE31: 1883 | BG31: 1883 | BI31: 1883
A32: Korea | B32: 3 | C32: 36 | E32: 38 | G32: 38 | J32: a | K32: 38 | M32: 38 | O32: 180 | Q32: 190 | S32: 190 | V32: a | W32: 190 | Y32: 190 | AA32: 543.49756 | AC32: 671.13441 | AE32: 533.23146 | AH32: a | AI32: 550.72526 | AK32: 557.01141 | AN32: a | AP32: a | AR32: a | AT32: a | AV32: a | AX32: a | AY32: 1520 | BA32: 1520 | BC32: 1520 | BE32: 1520 | BG32: 1520 | BI32: 1520
A33: Latvia | B33: 1 | C33: 39 | E33: 35 | G33: 35 | I33: 44 | K33: 35 | M33: 44 | O33: 190 | Q33: 170 | S33: 170 | U33: 215 | W33: 170 | Y33: 215 | AA33: 1520 | AC33: 1020 | AE33: 1020 | AG33: 1290 | AI33: 1020 | AK33: 1290 | AM33: 1560 | AO33: 1050 | AQ33: 1050 | AS33: 1320 | AU33: 1050 | AW33: 1320 | AY33: 1760 | BA33: 1760 | BC33: 1760 | BE33: 1760 | BG33: 1760 | BI33: 1760
A34: Luxembourg | B34: 1 | D34: m | F34: m | H34: m | J34: m | L34: m | N34: m | P34: m | R34: m | T34: m | V34: m | X34: m | Z34: m | AB34: m | AD34: m | AF34: m | AH34: m | AJ34: m | AL34: m | AN34: m | AP34: m | AR34: m | AT34: m | AV34: m | AX34: m | AZ34: m | BB34: m | BD34: m | BF34: m | BH34: m | BJ34: m
A35: Mexico | B35: 1 | C35: 41.8 | E35: 41.8 | G35: 41.8 | I35: 41.8 | K35: 36 | M35: 36 | O35: 200 | Q35: 200 | S35: 200 | U35: 200 | W35: 171 | Y35: 171 | AA35: 532 | AC35: 800 | AE35: 1046.6667 | AG35: 800 | AI35: 837.9 | AK35: 684 | AM35: 772 | AO35: 800 | AQ35: 1167 | AS35: 800 | AU35: 970.9 | AW35: 692 | AZ35: a | BB35: a | BD35: a | BF35: a | BH35: a | BJ35: a
A36: Netherlands | B36: 2 | C36: 40 | E36: 40 | H36: m | J36: m | L36: m | N36: m | O36: 200 | Q36: 200 | T36: m | V36: m | X36: m | Z36: m | AA36: 930 | AC36: 930 | AE36: 750 | AG36: 750 | AI36: 750 | AL36: m | AN36: a | AP36: a | AR36: a | AT36: a | AV36: a | AX36: a | AY36: 1659 | BA36: 1659 | BC36: 1659 | BE36: 1659 | BG36: 1659 | BI36: 1659
A37: New Zealand | B37: 1 | D37: m | E37: 38.4 | G37: 38.2 | J37: a | K37: 38 | N37: m | P37: m | Q37: 192 | S37: 191 | V37: a | W37: 190 | Z37: m | AB37: m | AC37: 921.6 | AE37: 840.4 | AH37: a | AI37: 760 | AL37: m | AN37: m | AO37: 1536 | AQ37: 1243 | AT37: a | AU37: 950 | AX37: m | AZ37: a | BB37: a | BD37: a | BF37: a | BH37: a | BJ37: a
A38: Norway | B38: 2 | C38: 45 | E38: 38 | G38: 38 | J38: a | K38: 38 | M38: 38 | O38: 225 | Q38: 190 | S38: 190 | V38: a | W38: 190 | Y38: 190 | AB38: a | AC38: 741 | AE38: 663.1 | AH38: a | AI38: 522.5 | AK38: 522.5 | AN38: a | AO38: 1300 | AQ38: 1225 | AT38: a | AU38: 1150 | AW38: 1150 | AY38: 1687.5 | BA38: 1687.5 | BC38: 1687.5 | BF38: a | BG38: 1687.5 | BI38: 1687.5
A39: Poland | B39: 1 | C39: 45.2 | E39: 37.4 | G39: 37 | J39: a | K39: 36.6 | M39: 36.6 | O39: 217 | Q39: 179 | S39: 177 | V39: a | W39: 175 | Y39: 175 | AA39: 1085 | AC39: 563.85 | AE39: 477.9 | AH39: a | AI39: 472.5 | AK39: 472.5 | AN39: m | AP39: m | AR39: m | AT39: a | AV39: m | AX39: m | AY39: 1808 | BA39: 1496 | BC39: 1480 | BF39: a | BG39: 1464 | BI39: 1464
A40: Portugal | B40: 2 | C40: 41 | E40: 39 | G40: 38 | I40: 38 | K40: 38 | M40: 38 | O40: 187 | Q40: 173 | S40: 168 | U40: 168 | W40: 168 | Y40: 168 | AA40: 935 | AC40: 778.5 | AE40: 616 | AG40: 616 | AI40: 616 | AK40: 616 | AM40: 1085.8 | AO40: 1038.2 | AQ40: 920.4 | AS40: 920.4 | AU40: 920.4 | AW40: 920.4 | AY40: 1572 | BA40: 1488 | BC40: 1458 | BE40: 1458 | BG40: 1458 | BI40: 1458
A41: Slovak Republic | B41: 1 | C41: 44.2 | E41: 39.2 | G41: 39.2 | I41: 39.2 | K41: 39.2 | M41: 39.2 | O41: 209 | Q41: 189 | S41: 189 | U41: 189 | W41: 189 | Y41: 189 | AA41: 1149.5 | AC41: 793.8 | AE41: 652.05 | AG41: 623.7 | AI41: 567 | AK41: 604.8 | AN41: m | AP41: m | AR41: m | AT41: m | AV41: m | AX41: m | AY41: 1567.5 | BA41: 1567.5 | BC41: 1567.5 | BE41: 1567.5 | BG41: 1567.5 | BI41: 1567.5
A42: Slovenia | B42: 1 | C42: 46 | E42: 38 | G42: 38 | J42: a | K42: 38 | M42: 38 | O42: 219 | Q42: 190 | S42: 190 | V42: a | W42: 190 | Y42: 190 | AA42: 1314 | AC42: 627 | AE42: 627 | AH42: a | AI42: 570 | AK42: 570 | AN42: a | AP42: a | AR42: a | AT42: a | AV42: a | AX42: a | AZ42: m | BB42: m | BD42: m | BF42: m | BH42: m | BJ42: m
A43: Spain | B43: 1 | C43: 37 | E43: 37 | G43: 37 | I43: 37 | K43: 36 | M43: 36 | O43: 176 | Q43: 176 | S43: 176 | U43: 176 | W43: 171 | Y43: 171 | AA43: 880 | AC43: 880 | AE43: 712.8 | AG43: 712.8 | AI43: 692.55 | AK43: 692.55 | AM43: 1140 | AO43: 1140 | AQ43: 1140 | AS43: 1140 | AU43: 1140 | AW43: 1140 | AY43: 1425 | BA43: 1425 | BC43: 1425 | BE43: 1425 | BG43: 1425 | BI43: 1425
A44: Sweden | B44: 1 | C44: 47 | F44: a | H44: a | J44: a | L44: a | N44: a | O44: 224 | R44: a | T44: a | V44: a | X44: a | Z44: a | AB44: m | AD44: a | AF44: a | AH44: a | AJ44: a | AL44: a | AM44: 1792 | AO44: 1360 | AQ44: 1360 | AT44: a | AU44: 1360 | AW44: 1360 | AZ44: a | BA44: 1767 | BC44: 1767 | BF44: a | BG44: 1767 | BI44: 1767
A45: Switzerland | B45: 1 | C45: 39 | E45: 39 | G45: 39 | J45: a | K45: 39 | M45: 39 | O45: 190 | Q45: 190 | S45: 190 | V45: a | W45: 190 | Y45: 190 | AA45: 779 | AC45: 817 | AE45: 760 | AH45: a | AI45: 646 | AK45: 741 | AN45: a | AP45: a | AR45: a | AT45: a | AV45: a | AX45: a | AY45: 2142 | BA45: 2142 | BC45: 2142 | BE45: 2142 | BG45: 2142 | BI45: 2142
A46: Turkey | B46: 1 | C46: 38 | E46: 38 | G46: 38 | J46: a | K46: 38 | M46: 38 | O46: 180 | Q46: 180 | S46: 180 | V46: a | W46: 180 | Y46: 180 | AA46: 1080 | AC46: 720 | AE46: 504 | AH46: a | AI46: 504 | AK46: 504 | AM46: 1160 | AO46: 980 | AQ46: 836 | AT46: a | AU46: 836 | AW46: 836 | AY46: 1592 | BA46: 1592 | BC46: 1592 | BF46: a | BG46: 1592 | BI46: 1592
A47: United States | B47: 5, 6 | C47: 36 | E47: 36 | G47: 36 | J47: a | K47: 36 | L47: d | N47: x(5) | O47: 180 | Q47: 180 | S47: 180 | V47: a | W47: 180 | X47: d | Z47: x(11) | AA47: 1010.709 | AC47: 1004.3748 | AE47: 966.36312 | AH47: a | AI47: 965.67012 | AJ47: d | AL47: x(17) | AM47: 1440.6154 | AO47: 1442.6121 | AQ47: 1448.8277 | AT47: a | AU47: 1445.8354 | AV47: d | AX47: x(23) | AY47: 1979.5781 | BA47: 2015.8498 | BC47: 2031.5419 | BF47: a | BG47: 2046.7545 | BH47: d | BJ47: x(29)
A49: Economies
A50: Flemish comm. (Belgium) | B50: 1, 3 | C50: 37 | E50: 37 | G50: 37 | J50: a | K50: 37 | M50: 37 | O50: 156.5 | Q50: 156.5 | S50: 128 | V50: a | W50: 128 | Y50: 128 | AA50: 724.53704 | AC50: 739.02778 | AE50: 533.33333 | AH50: a | AI50: 497.77778 | AK50: 699.25926 | AM50: 904.22222 | AO50: 904.22222 | AR50: a | AT50: a | AV50: a | AX50: a | AZ50: a | BB50: a | BD50: a | BF50: a | BH50: a | BJ50: a
A51: French comm. (Belgium) | B51: 1 | C51: 35.8 | E51: 35.8 | G51: 35.8 | J51: a | K51: 35.8 | M51: 35.8 | O51: 179 | Q51: 179 | S51: 179 | V51: a | W51: 179 | Y51: 179 | AA51: 775.07 | AC51: 716 | AE51: 656.93 | AH51: a | AI51: 596.07 | AK51: 596.07 | AN51: a | AP51: a | AR51: a | AT51: a | AV51: a | AX51: a | AY51: 962 | BA51: 962 | BD51: a | BF51: a | BH51: a | BJ51: a
A52: England (UK) | C52: 38 | E52: 38 | G52: 38 | J52: a | K52: 38 | N52: a | O52: 190 | Q52: 190 | S52: 190 | V52: a | W52: 190 | Z52: a | AB52: a | AD52: a | AF52: a | AH52: a | AJ52: a | AL52: a | AN52: a | AP52: a | AR52: a | AT52: a | AV52: a | AX52: a | AY52: 1265 | BA52: 1265 | BC52: 1265 | BF52: a | BG52: 1265 | BJ52: a
A53: Scotland (UK) | B53: 2 | C53: 38 | E53: 38 | G53: 38 | J53: a | K53: 38 | N53: a | O53: 190 | Q53: 190 | S53: 190 | V53: a | W53: 190 | Z53: a | AA53: 855 | AC53: 855 | AE53: 855 | AH53: a | AI53: 855 | AL53: a | AM53: 1045 | AO53: 1045 | AQ53: 1045 | AT53: a | AU53: 1045 | AX53: a | AY53: 1365 | BA53: 1365 | BC53: 1365 | BF53: a | BG53: 1365 | BJ53: a
A55: OECD average | C55: 40.677638 | E55: 37.885435 | G55: 37.619196 | I55: 39.008023 | K55: 37.310287 | M55: 37.981048 | O55: 195.59699 | Q55: 183.18405 | S55: 181.41943 | U55: 188.64413 | W55: 179.73287 | Y55: 181.90145 | AA55: 1044.2226 | AC55: 783.63764 | AE55: 703.36639 | AG55: 734.46106 | AI55: 656.77701 | AK55: 655.81928 | AM55: 1294.7464 | AO55: 1183.6042 | AQ55: 1178.105 | AS55: 1114.2875 | AU55: 1135.1416 | AW55: 1159.9037 | AY55: 1629.9868 | BA55: 1621.614 | BC55: 1644.5862 | BE55: 1595.1142 | BG55: 1640.1211 | BI55: 1634.8251
A56: EU22 average | C56: 41.178947 | E56: 37.585714 | G56: 37.21 | I56: 38.9 | K56: 37.0965 | M56: 38.070625 | O56: 196.55263 | Q56: 180.33333 | S56: 177.47368 | U56: 187.28571 | W56: 176.82368 | Y56: 180.24333 | AA56: 1093.3545 | AC56: 762.45072 | AE56: 667.96489 | AG56: 743.15 | AI56: 634.8167 | AK56: 669.7186 | AM56: 1273.7022 | AO56: 1059.1293 | AQ56: 1041.1111 | AS56: 1134.7 | AU56: 1033.6444 | AW56: 1120.5714 | AY56: 1568.4 | BA56: 1550.7647 | BC56: 1584.6875 | BE56: 1592.05 | BG56: 1570.8667 | BI56: 1610.2308
A58: Partners
A59: Argentina | D59: m | F59: m | H59: m | J59: m | L59: m | N59: m | P59: m | R59: m | T59: m | V59: m | X59: m | Z59: m | AB59: m | AD59: m | AF59: m | AH59: m | AJ59: m | AL59: m | AN59: m | AP59: m | AR59: m | AT59: m | AV59: m | AX59: m | AZ59: m | BB59: m | BD59: m | BF59: m | BH59: m | BJ59: m
A60: Brazil | C60: 42 | E60: 42 | G60: 42 | I60: 42 | K60: 42 | M60: 42 | O60: 200 | Q60: 200 | S60: 200 | U60: 200 | W60: 200 | Y60: 200 | AB60: m | AD60: m | AF60: m | AH60: m | AJ60: m | AL60: m | AN60: a | AP60: a | AR60: a | AT60: a | AV60: a | AX60: a | AZ60: a | BB60: a | BD60: a | BF60: a | BH60: a | BJ60: a
A61: China | D61: m | F61: m | H61: m | J61: m | L61: m | N61: m | P61: m | R61: m | T61: m | V61: m | X61: m | Z61: m | AB61: m | AD61: m | AF61: m | AH61: m | AJ61: m | AL61: m | AN61: m | AP61: m | AR61: m | AT61: m | AV61: m | AX61: m | AZ61: m | BB61: m | BD61: m | BF61: m | BH61: m | BJ61: m
A62: Colombia | B62: 1 | C62: 40 | E62: 40 | G62: 40 | J62: a | K62: 40 | M62: 40 | O62: 200 | Q62: 200 | S62: 200 | V62: a | W62: 200 | Y62: 200 | AA62: 800 | AC62: 1000 | AE62: 1200 | AH62: a | AI62: 1200 | AK62: 1200 | AM62: 1350 | AO62: 1350 | AQ62: 1350 | AT62: a | AU62: 1350 | AW62: 1350 | AY62: 1600 | BA62: 1600 | BC62: 1600 | BE62: 1600 | BG62: 1600 | BI62: 1600
A63: Costa Rica | B63: 1 | C63: 41 | E63: 41 | G63: 41 | I63: 41 | K63: 41 | M63: 41 | O63: 198 | Q63: 198 | S63: 198 | U63: 198 | W63: 198 | Y63: 198 | AA63: 811.8 | AC63: 1188 | AE63: 1267.2 | AG63: 1267.2 | AI63: 1267.2 | AK63: 1267.2 | AN63: a | AP63: a | AR63: a | AT63: a | AV63: a | AX63: a | AZ63: a | BB63: a | BD63: a | BF63: a | BH63: a | BJ63: a
A64: India | D64: m | F64: m | H64: m | J64: m | L64: m | N64: m | P64: m | R64: m | T64: m | V64: m | X64: m | Z64: m | AB64: m | AD64: m | AF64: m | AH64: m | AJ64: m | AL64: m | AN64: m | AP64: m | AR64: m | AT64: m | AV64: m | AX64: m | AZ64: m | BB64: m | BD64: m | BF64: m | BH64: m | BJ64: m
A65: Indonesia | D65: m | F65: m | H65: m | J65: m | L65: m | N65: m | P65: m | R65: m | T65: m | V65: m | X65: m | Z65: m | AB65: m | AD65: m | AF65: m | AH65: m | AJ65: m | AL65: m | AN65: m | AP65: m | AR65: m | AT65: m | AV65: m | AX65: m | AZ65: m | BB65: m | BD65: m | BF65: m | BH65: m | BJ65: m
A66: Lithuania | B66: 1 | D66: a | E66: 32 | G66: 34 | J66: a | K66: 33.5 | N66: a | P66: a | Q66: 160 | S66: 170 | V66: a | W66: 167.5 | Z66: a | AA66: 640 | AC66: 576 | AE66: 612 | AG66: 740 | AI66: 603 | AK66: 740 | AM66: 1452 | AP66: a | AR66: a | AT66: a | AV66: a | AX66: a | AY66: 1584 | BA66: 1584 | BC66: 1584 | BE66: 1584 | BG66: 1584 | BI66: 1584
A67: Russian Federation | D67: m | F67: m | H67: m | J67: m | L67: m | N67: m | P67: m | R67: m | T67: m | V67: m | X67: m | Z67: m | AB67: m | AD67: m | AF67: m | AH67: m | AJ67: m | AL67: m | AN67: m | AP67: m | AR67: m | AT67: m | AV67: m | AX67: m | AZ67: m | BB67: m | BD67: m | BF67: m | BH67: m | BJ67: m
A68: Saudi Arabia | D68: m | F68: m | H68: m | J68: m | L68: m | N68: m | P68: m | R68: m | T68: m | V68: m | X68: m | Z68: m | AB68: m | AD68: m | AF68: m | AH68: m | AJ68: m | AL68: m | AN68: m | AP68: m | AR68: m | AT68: m | AV68: m | AX68: m | AZ68: m | BB68: m | BD68: m | BF68: m | BH68: m | BJ68: m
A69: South Africa | D69: m | F69: m | H69: m | J69: m | L69: m | N69: m | P69: m | R69: m | T69: m | V69: m | X69: m | Z69: m | AB69: m | AD69: m | AF69: m | AH69: m | AJ69: m | AL69: m | AN69: m | AP69: m | AR69: m | AT69: m | AV69: m | AX69: m | AZ69: m | BB69: m | BD69: m | BF69: m | BH69: m | BJ69: m
A71: G20 average | D71: m | F71: m | H71: m | J71: m | L71: m | N71: m | P71: m | R71: m | T71: m | V71: m | X71: m | Z71: m | AB71: m | AD71: m | AF71: m | AH71: m | AJ71: m | AL71: m | AN71: m | AP71: m | AR71: m | AT71: m | AV71: m | AX71: m | AZ71: m | BB71: m | BD71: m | BF71: m | BH71: m | BJ71: m
A72: OECD average incl. Lithuania | C72: 40.677638 | E72: 37.717279 | G72: 37.512749 | I72: 39.008023 | K72: 37.19822 | M72: 37.981048 | O72: 195.59699 | Q72: 182.52165 | S72: 181.07339 | U72: 188.64413 | W72: 179.36218 | Y72: 181.90145 | AA72: 1029.2514 | AC72: 777.53065 | AE72: 700.67915 | AG72: 734.92264 | AI72: 655.24052 | AK72: 658.93708 | AM72: 1303.4828 | AO72: 1183.6042 | AQ72: 1178.105 | AS72: 1114.2875 | AU72: 1135.1416 | AW72: 1159.9037 | AY72: 1628.1473 | BA72: 1620.2209 | BC72: 1642.2559 | BE72: 1594.4195 | BG72: 1637.8763 | BI72: 1632.6153
A73: EU23 average incl. Lithuania | C73: 41.178947 | E73: 37.331818 | G73: 37.057143 | I73: 38.9 | K73: 36.925238 | M73: 38.070625 | O73: 196.55263 | Q73: 179.40909 | S73: 177.1 | U73: 187.28571 | W73: 176.3575 | Y73: 180.24333 | AA73: 1068.1682 | AC73: 753.57211 | AE73: 665.29989 | AG73: 742.8 | AI73: 633.37049 | AK73: 673.8528 | AM73: 1289.9111 | AO73: 1059.1293 | AQ73: 1041.1111 | AS73: 1134.7 | AU73: 1033.6444 | AW73: 1120.5714 | AY73: 1569.375 | BA73: 1552.6111 | BC73: 1584.6471 | BE73: 1591.3182 | BG73: 1571.6875 | BI73: 1608.3571
A74: Note: See Definitions and Methodology sections for more information. Data on vocational programmes at lower secondary level (i.e. Columns 4, 10, 16, 22 and 28) are available for consultation on line. Data available at http://stats.oecd.org/, Education at a Glance Database.
A75: 1. Typical teaching time (teaching time required from most teachers when no specific circumstances apply to teachers) (in the Flemish Community of Belgium, for pre-primary and primary levels).
A76: 2. Maximum teaching time.
A77: 3. Minimum teaching time (in the Flemish Community of Belgium, for lower and upper secondary levels).
A78: 4. Average planned teaching time in each school at the beginning of the school year.
A79: 5. Actual teaching time.
A80: 6. Year of reference 2016.
A81: Source: OECD (2018). See Source section for more information and Annex 3 for notes (http://dx.doi.org/10.1787/eag-2018-36-en).
A82: Please refer to the Reader's Guide for information concerning symbols for missing data and abbreviations.
A84: Lithuania was not an OECD Member at the time of preparation of this publication. Accordingly, Lithuania does not appear in the list of OECD Members and is not included in the zone aggregates. OECD and EU23 averages including Lithuania have been added at the end of this table for information purposes.

Sheet Table D4.2.
A1: Education at a Glance 2018: OECD Indicators - © OECD 2018
A2: D | B2: Indicator D4. How much time do teachers spend teaching?
A3: Version 2 - Last updated: 05-Sep-2018
A4: Disclaimer: http://oe.cd/disclaimer
A6: Table D4.2.
A7: Number of teaching hours per year (2000, 2005 to 2017)
A8: Net statutory contact time in public institutions, by level of education
B10: Notes | C10: Pre-primary | AE10: Primary | BG10: Lower secondary, general programmes | CI10: Upper secondary, general programmes
C11: 2000 | E11: 2005 | G11: 2006 | I11: 2007 | K11: 2008 | M11: 2009 | O11: 2010 | Q11: 2011 | S11: 2012 | U11: 2013 | W11: 2014 | Y11: 2015 | AA11: 2016 | AC11: 2017 | AE11: 2000 | AG11: 2005 | AI11: 2006 | AK11: 2007 | AM11: 2008 | AO11: 2009 | AQ11: 2010 | AS11: 2011 | AU11: 2012 | AW11: 2013 | AY11: 2014 | BA11: 2015 | BC11: 2016 | BE11: 2017 | BG11: 2000 | BI11: 2005 | BK11: 2006 | BM11: 2007 | BO11: 2008 | BQ11: 2009 | BS11: 2010 | BU11: 2011 | BW11: 2012 | BY11: 2013 | CA11: 2014 | CC11: 2015 | CE11: 2016 | CG11: 2017 | CI11: 2000 | CK11: 2005 | CM11: 2006 | CO11: 2007 | CQ11: 2008 | CS11: 2009 | CU11: 2010 | CW11: 2011 | CY11: 2012 | DA11: 2013 | DC11: 2014 | DE11: 2015 | DG11: 2016 | DI11: 2017
C12: 1 | E12: 2 | G12: 3 | I12: 4 | K12: 5 | M12: 6 | O12: 7 | Q12: 8 | S12: 9 | U12: 10 | W12: 11 | Y12: 12 | AA12: 13 | AC12: 14 | AE12: 15 | AG12: 16 | AI12: 17 | AK12: 18 | AM12: 19 | AO12: 20 | AQ12: 21 | AS12: 22 | AU12: 23 | AW12: 24 | AY12: 25 | BA12: 26 | BC12: 27 | BE12: 28 | BG12: 29 | BI12: 30 | BK12: 31 | BM12: 32 | BO12: 33 | BQ12: 34 | BS12: 35 | BU12: 36 | BW12: 37 | BY12: 38 | CA12: 39 | CC12: 40 | CE12: 41 | CG12: 42 | CI12: 43 | CK12: 44 | CM12: 45 | CO12: 46 | CQ12: 47 | CS12: 48 | CU12: 49 | CW12: 50 | CY12: 51 | DA12: 52 | DC12: 53 | DE12: 54 | DG12: 55 | DI12: 56
A13: OECD
A14: Countries
A15: Australia | D15: m | F15: m | H15: m | J15: m | L15: m | N15: m | P15: m | Q15: 884.87662 | S15: 883.66121 | U15: 904.15804 | W15: 885.18347 | Y15: 882.14931 | AA15: 859.55436 | AC15: 903.24667 | AE15: 882.35232 | AG15: 888.3 | AI15: 884.33204 | AK15: 876.93202 | AM15: 872.55573 | AO15: 874.37937 | AQ15: 868.15076 | AS15: 872.54543 | AU15: 871.28204 | AW15: 879.2071 | AY15: 871.9632 | BA15: 865.76544 | BC15: 862.45697 | BE15: 865.2686 | BG15: 810.54626 | BI15: 810.16 | BK15: 818.47444 | BM15: 814.54896 | BO15: 811.81839 | BQ15: 812.29372 | BS15: 819.16515 | BU15: 810.80546 | BW15: 808.58901 | BY15: 821.30038 | CA15: 811.62817 | CC15: 805.97951 | CE15: 795.38401 | CG15: 797.28162 | CI15: 803.42575 | CK15: 810.16 | CM15: 817.04836 | CO15: 813.15905 | CQ15: 810.4379 | CS15: 797.05472 | CU15: 803.25933 | CW15: 802.16714 | CY15: 801.32556 | DA15: 812.3237 | DC15: 804.01312 | DE15: 804.48307 | DG15: 795.84434 | DI15: 797.28162
A16: Austria | B16: 1 | D16: m | E16: 774 | G16: 774 | I16: 774 | K16: 779.4 | M16: 779.4 | O16: 779.4 | Q16: 779.4 | S16: 779.4 | U16: 779.4 | X16: m | Z16: m | AB16: m | AD16: m | AF16: m | AG16: 774 | AI16: 774 | AK16: 774 | AM16: 779.4 | AO16: 779.4 | AQ16: 779.4 | AS16: 779.4 | AU16: 779.4 | AW16: 779.4 | AY16: 779.4 | BA16: 779.4 | BC16: 779.4 | BE16: 779.4 | BH16: m | BI16: 606.6 | BK16: 606.6 | BM16: 606.6 | BO16: 606.6 | BQ16: 606.6 | BS16: 606.6 | BU16: 606.6 | BW16: 606.6 | BY16: 606.6 | CA16: 606.6 | CC16: 606.6 | CE16: 606.6 | CG16: 606.6 | CJ16: m | CK16: 588.6 | CM16: 588.6 | CO16: 588.6 | CQ16: 588.6 | CS16: 588.6 | CU16: 588.6 | CW16: 588.6 | CY16: 588.6 | DA16: 588.6 | DC16: 588.6 | DE16: 588.6 | DG16: 588.6 | DI16: 588.6
A17: Canada | D17: m | F17: m | H17: m | J17: m | L17: m | N17: m | P17: m | R17: m | T17: m | V17: m | X17: m | Z17: m | AB17: m | AD17: m | AF17: m | AH17: m | AJ17: m | AL17: m | AN17: m | AP17: m | AQ17: 799.31288 | AS17: 799.26561 | AU17: 799 | AW17: 795.85984 | AY17: 796 | BA17: 797.04658 | BC17: 797.7713 | BE17: 797.7713 | BH17: m | BJ17: m | BL17: m | BN17: m | BP17: m | BR17: m | BS17: 740.37249 | BU17: 743.20816 | BW17: 744 | BY17: 743.31383 | CA17: 743 | CC17: 741.85087 | CE17: 744.53292 | CG17: 744.53292 | CJ17: m | CL17: m | CN17: m | CP17: m | CR17: m | CT17: m | CU17: 744.16763 | CW17: 747.00308 | CY17: 747 | DA17: 744.63642 | DC17: 744 | DE17: 742.97258 | DG17: 745.74031 | DI17: 745.74031
A18: Chile | D18: m | F18: m | H18: m | J18: m | L18: m | N18: m | P18: m | Q18: 1119.9822 | S18: 1103.3428 | U18: 1128.5562 | W18: 1145.8134 | Y18: 1157.36 | AA18: 1158.4305 | AC18: 1063.5552 | AF18: m | AG18: 1127.6856 | AI18: 1100.9854 | AK18: 1086.8471 | AM18: 1101.2236 | AO18: 1108.7978 | AQ18: 1104.7933 | AS18: 1119.9822 | AU18: 1103.3428 | AW18: 1128.5562 | AY18: 1145.8134 | BA18: 1157.36 | BC18: 1158.4305 | BE18: 1063.5552 | BH18: m | BI18: 1127.6856 | BK18: 1100.9854 | BM18: 1086.8471 | BO18: 1101.2236 | BQ18: 1108.7978 | BS18: 1104.7933 | BU18: 1119.9822 | BW18: 1103.3428 | BY18: 1128.5562 | CA18: 1145.8134 | CC18: 1157.36 | CE18: 1158.4305 | CG18: 1063.5552 | CJ18: m | CK18: 1127.6856 | CM18: 1100.9854 | CO18: 1086.8471 | CQ18: 1101.2236 | CS18: 1108.7978 | CU18: 1104.7933 | CW18: 1119.9822 | CY18: 1103.3428 | DA18: 1128.5562 | DC18: 1145.8134 | DE18: 1157.36 | DG18: 1158.4305 | DI18: 1063.5552
A19: Czech Republic | D19: m | F19: m | H19: m | J19: m | L19: m | N19: m | P19: m | Q19: 1184.2 | S19: 1165.6 | U19: 1165.6 | W19: 1159.4 | Y19: 1159.4 | AA19: 1333 | AC19: 1333 | AF19: m | AG19: 813.4 | AI19: 853.6 | AK19: 849.2 | AM19: 849.2 | AO19: 831.6 | AQ19: 862.4 | AS19: 840.4 | AU19: 827.2 | AW19: 827.2 | AY19: 822.8 | BA19: 822.8 | BC19: 617.1 | BE19: 617.1 | BG19: 650.1 | BI19: 646.8 | BK19: 640.2 | BM19: 636.9 | BO19: 636.9 | BQ19: 623.7 | BS19: 646.8 | BU19: 630.3 | BW19: 620.4 | BY19: 620.4 | CA19: 617.1 | CC19: 617.1 | CE19: 617.1 | CG19: 617.1 | CI19: 620.55 | CK19: 617.4 | CM19: 611.1 | CO19: 607.95 | CQ19: 607.95 | CS19: 595.35 | CU19: 617.4 | CW19: 601.65 | CY19: 592.2 | DA19: 592.2 | DC19: 589.05 | DE19: 589.05 | DG19: 589.05 | DI19: 589.05
A20: Denmark | B20: 2, 3 | D20: m | F20: m | H20: m | J20: m | L20: m | N20: a | P20: a | R20: a | T20: a | V20: a | W20: 1417 | Y20: 1417 | AB20: m | AD20: a | AE20: 640 | AG20: 640 | AI20: 648 | AK20: 648 | AM20: 648 | AO20: 648 | AQ20: 650 | AS20: 650 | AU20: 659 | AW20: 662 | AY20: 663 | BA20: 784 | BB20: b | BD20: a | BF20: a | BG20: 640 | BI20: 640 | BK20: 648 | BM20: 648 | BO20: 648 | BQ20: 648 | BS20: 650 | BU20: 650 | BW20: 659 | BY20: 662 | CA20: 663 | CC20: 784 | CD20: b | CF20: a | CH20: a | CJ20: m | CL20: m | CM20: 364 | CO20: 364 | CQ20: 364 | CS20: 377 | CU20: 377 | CW20: 369 | CY20: 369 | DA20: 369 | DC20: 386 | DE20: 386 | DG20: 394 | DI20: 405
A21: Estonia | D21: m | F21: m | H21: m | J21: m | L21: m | N21: m | P21: m | Q21: 1320 | S21: 1320 | U21: 1320 | W21: 1320 | Y21: 1320 | AA21: 1320 | AC21: 1320 | AE21: 630 | AG21: 630 | AI21: 630 | AK21: 630 | AM21: 630 | AO21: 630 | AQ21: 630 | AS21: 619.2 | AU21: 619.2 | AW21: 619.2 | AY21: 619.2 | BA21: 619.2 | BC21: 584.8 | BE21: 584.8 | BG21: 630 | BI21: 630 | BK21: 630 | BM21: 630 | BO21: 630 | BQ21: 630 | BS21: 630 | BU21: 619.2 | BW21: 619.2 | BY21: 619.2 | CA21: 619.2 | CC21: 619.2 | CE21: 602 | CG21: 602 | CI21: 577.5 | CK21: 577.5 | CM21: 577.5 | CO21: 577.5 | CQ21: 577.5 | CS21: 577.5 | CU21: 577.5 | CW21: 567.6 | CY21: 567.6 | DA21: 567.6 | DC21: 567.6 | DE21: 567.6 | DG21: 567.6 | DI21: 567.6
A22: Finland | D22: m | F22: m | H22: m | J22: m | L22: m | N22: m | P22: m | R22: m | T22: m | V22: m | X22: m | Z22: m | AB22: m | AD22: m | AE22: 655.5 | AG22: 676.8 | AI22: 677 | AK22: 676.8 | AM22: 676.8 | AO22: 676.8 | AQ22: 680.4 | AS22: 680.4 | AU22: 673.2 | AW22: 673.2 | AY22: 673.2 | BA22: 676.8 | BC22: 680.4 | BE22: 673.2 | BG22: 570 | BI22: 592.2 | BK22: 592.2 | BM22: 592.2 | BO22: 592.2 | BQ22: 592.2 | BS22: 595.35 | BU22: 595.35 | BW22: 589.05 | BY22: 589.05 | CA22: 589.05 | CC22: 592.2 | CE22: 595.35 | CG22: 589.05 | CI22: 527.25 | CK22: 550.088 | CM22: 550.088 | CO22: 550.088 | CQ22: 550.088 | CS22: 550.088 | CU22: 553.014 | CW22: 553.014 | CY22: 547.162 | DA22: 547.162 | DC22: 547.162 | DE22: 550.088 | DG22: 553.014 | DI22: 547.162
A23: France | C23: 924 | E23: 924 | G23: 924 | I23: 924 | K23: 924 | M23: 924 | O23: 924 | Q23: 924 | S23: 923.9976 | U23: 924 | W23: 924 | Y23: 899.99995 | AA23: 900 | AC23: 900 | AE23: 924 | AG23: 924 | AI23: 924 | AK23: 924 | AM23: 924 | AO23: 924 | AQ23: 924 | AS23: 924 | AU23: 923.9976 | AW23: 924 | AY23: 924 | BA23: 899.99995 | BC23: 900 | BE23: 900 | BG23: 648 | BI23: 648 | BK23: 648 | BM23: 648 | BO23: 648 | BQ23: 648 | BS23: 648 | BU23: 648 | BW23: 648 | BY23: 648 | CA23: 648 | CC23: 648 | CE23: 684 | CG23: 684 | CI23: 648 | CK23: 648 | CM23: 648 | CO23: 648 | CQ23: 648 | CS23: 648 | CU23: 648 | CW23: 648 | CY23: 648 | DA23: 648 | DC23: 648 | DE23: 648 | DG23: 684 | DI23: 684
A24: Germany | C24: 752.115 | E24: 784.86808 | G24: 817.94367 | I24: 814.98396 | K24: 814.66826 | M24: 805.00615 | O24: 801.91774 | Q24: 800.3224 | S24: 796.26118 | U24: 833.78566 | W24: 1482 | X24: b | Y24: 1482 | AA24: 1755 | AC24: 1755 | AE24: 783.17556 | AG24: 807.54252 | AI24: 809.95918 | AK24: 805.98776 | AM24: 804.81951 | AO24: 804.92987 | AQ24: 804.85896 | AS24: 804.11854 | AU24: 804.34644 | AW24: 799.97541 | AY24: 799.80085 | BA24: 799.32447 | BC24: 801.54522 | BE24: 800.53659 | BG24: 732.28478 | BI24: 758.46457 | BK24: 757.91361 | BM24: 758.08784 | BO24: 756.42666 | BQ24: 756.45788 | BS24: 755.91747 | BU24: 756.76034 | BW24: 755.29321 | BY24: 751.88889 | CA24: 750.08736 | CC24: 750.08736 | CE24: 748.83376 | CG24: 747.40942 | CI24: 689.844 | CK24: 714 | CM24: 713.67453 | CO24: 714.01025 | CQ24: 714.59108 | CS24: 712.82148 | CU24: 713.24753 | CW24: 714.81554 | CY24: 717.50925 | DA24: 714.81111 | DC24: 713.88747 | DE24: 713.88747 | DG24: 716.36861 | DI24: 719.32344
A25: Greece | D25: m | F25: m | H25: m | J25: m | K25: 712 | M25: 708 | O25: 708 | Q25: 708 | S25: 684 | U25: 684 | W25: 684 | Y25: 787.5 | Z25: b | AA25: 792 | AC25: 821.92 | AE25: 608.95686 | AG25: 604.41092 | AI25: 604.41092 | AK25: 590.10653 | AM25: 592.74 | AO25: 589.41 | AQ25: 589.41 | AS25: 589.41 | AU25: 569.43 | AW25: 569.43 | AY25: 569.43 | BA25: 630 | BB25: b | BC25: 660 | BD25: b | BE25: 660 | BG25: 426.02857 | BI25: 434.22143 | BK25: 428.70667 | BM25: 425.99333 | BO25: 428.654 | BQ25: 425.941 | BS25: 415.089 | BU25: 415.089 | BW25: 415.112 | BY25: 415.112 | CA25: 459.04 | CC25: 591.68 | CD25: b | CE25: 584.775 | CF25: b | CG25: 608.925 | CI25: 429.43826 | CK25: 430.44034 | CM25: 420.56667 | CO25: 423.28 | CQ25: 428.654 | CS25: 425.941 | CU25: 415.089 | CW25: 415.089 | CY25: 415.112 | DA25: 415.112 | DC25: 459.04 | DE25: 599.78 | DF25: b | DG25: 592.8825 | DH25: b | DI25: 593.9175
A26: Hungary | D26: m | F26: m | H26: m | J26: m | L26: m | N26: m | P26: m | Q26: 1363.2 | R26: b | S26: 1356.8 | U26: 1318.4 | W26: 1337.6 | Y26: 1337.6 | AA26: 1356.8 | AC26: 1344 | AE26: 583 | AG26: 583 | AI26: 583 | AK26: 582.75 | AM26: 610.5 | AO26: 597.3 | AQ26: 603.9 | AS26: 658.8 | AT26: b | AU26: 658.8 | AW26: 655.2 | AY26: 648 | BA26: 651.6 | BC26: 651.6 | BE26: 655.2 | BG26: 555 | BI26: 555 | BK26: 555 | BM26: 555 | BO26: 610.5 | BQ26: 597.3 | BS26: 603.9 | BU26: 658.8 | BV26: b | BW26: 658.8 | BY26: 655.2 | CA26: 648 | CC26: 651.6 | CE26: 651.6 | CG26: 655.2 | CI26: 555 | CK26: 555 | CM26: 555 | CO26: 555 | CQ26: 610.5 | CS26: 597.3 | CU26: 603.9 | CW26: 655.2 | CX26: b | CY26: 655.2 | DA26: 651.6 | DC26: 644.4 | DE26: 648 | DG26: 648 | DI26: 651.6
A27: Iceland | D27: m | F27: m | H27: m | J27: m | L27: m | N27: m | P27: m | Q27: 1634.4 | S27: 1645.75 | U27: 1498.2 | X27: m | Z27: m | AA27: 1620 | AC27: 1620 | AE27: 629 | AG27: 671.4 | AI27: 671.4 | AK27: 671.4 | AM27: 671.4 | AO27: 624 | AQ27: 623.88 | AS27: 623.88 | AU27: 623.88 | AW27: 623.88 | AZ27: m | BB27: m | BC27: 623.88 | BE27: 623.88 | BG27: 629 | BI27: 671.4 | BK27: 671.4 | BM27: 671.4 | BO27: 671.4 | BQ27: 624 | BS27: 623.88 | BU27: 623.88 | BW27: 623.88 | BY27: 623.88 | CB27: m | CD27: m | CE27: 623.88 | CG27: 623.88 | CI27: 464 | CK27: 560 | CM27: 560 | CO27: 560 | CQ27: 560 | CS27: 544 | CU27: 544 | CW27: 544 | CY27: 544 | DA27: 544 | DD27: m | DF27: m | DG27: 485.39326 | DI27: 485.39326
A28: Ireland | D28: m | F28: m | H28: m | J28: m | L28: m | N28: m | P28: m | R28: m | T28: m | V28: m | X28: m | Z28: m | AB28: m | AD28: m | AE28: 915 | AG28: 915 | AI28: 915 | AK28: 915 | AM28: 915 | AO28: 915 | AQ28: 915 | AS28: 915 | AU28: 915 | AW28: 915 | AY28: 915 | BA28: 915 | BC28: 915 | BE28: 910 | BG28: 734.8 | BI28: 734.8 | BK28: 734.8 | BM28: 734.8 | BO28: 734.8 | BQ28: 734.8 | BS28: 734.8 | BU28: 734.8 | BW28: 734.8 | BY28: 734.8 | CA28: 734.8 | CC28: 734.8 | CE28: 730.4 | CG28: 721.6 | CI28: 734.8 | CK28: 734.8 | CM28: 734.8 | CO28: 734.8 | CQ28: 734.8 | CS28: 734.8 | CU28: 734.8 | CW28: 734.8 | CY28: 734.8 | DA28: 734.8 | DC28: 734.8 | DE28: 734.8 | DG28: 730.4 | DI28: 721.6
A29: Israel | D29: m | F29: m | H29: m | J29: m | L29: m | N29: m | P29: m | Q29: 991.84005 | S29: 1023.4525 | U29: 1031.5236 | W29: 1025.0652 | Y29: 1056.242 | AA29: 1036.1373 | AC29: 1030.7533 | AE29: 731 | AG29: 731 | AI29: 731 | AK29: 731 | AM29: 731 | AO29: 787.998 | AQ29: 819.55312 | AS29: 841.67635 | AU29: 837.83919 | AW29: 839.7828 | AY29: 838.24061 | BA29: 863.61036 | BC29: 848.02609 | BE29: 843.34742 | BG29: 579 | BI29: 579 | BK29: 579 | BM29: 579 | BO29: 579 | BQ29: 589.248 | BS29: 597.9989 | BU29: 614.14527 | BW29: 629.19148 | BY29: 643.55187 | CA29: 681.80737 | CC29: 703.67599 | CE29: 698.15577 | CG29: 698.87171 | CI29: 524 | CK29: 524 | CM29: 524 | CO29: 524 | CQ29: 524 | CS29: 523.952 | CU29: 521.27445 | CW29: 521.28145 | CY29: 557.74536 | DA29: 569.80573 | DC29: 543.07854 | DE29: 586.65496 | DG29: 589.10348 | DI29: 609.74472
A30: Italy | D30: m | F30: m | H30: m | J30: m | L30: m | N30: m | P30: m | Q30: 950 | S30: 930 | U30: 930 | W30: 930 | Y30: 930 | AA30: 945 | AC30: 945 | AE30: 744 | AG30: 739 | AI30: 734.8 | AK30: 734.8 | AM30: 734.8 | AO30: 756.8 | AQ30: 770 | AS30: 770 | AU30: 752.4 | AW30: 752.4 | AY30: 752.4 | BA30: 752.4 | BC30: 765.6 | BE30: 765.6 | BG30: 608 | BI30: 605 | BK30: 601.2 | BM30: 601.2 | BO30: 601.2 | BQ30: 619.2 | BS30: 630 | BU30: 630 | BW30: 615.6 | BY30: 615.6 | CA30: 615.6 | CC30: 615.6 | CE30: 626.4 | CG30: 626.4 | CI30: 608 | CK30: 605 | CM30: 601.2 | CO30: 601.2 | CQ30: 601.2 | CS30: 619.2 | CU30: 630 | CW30: 630 | CY30: 615.6 | DA30: 615.6 | DC30: 615.6 | DE30: 615.6 | DG30: 626.4 | DI30: 626.4
A31: Japan | B31: 4 | D31: m | F31: m | H31: m | J31: m | L31: m | N31: m | P31: m | R31: m | T31: m | V31: m | X31: m | Z31: m | AB31: m | AD31: m | AE31: 635 | AG31: 578 | AI31: m | AK31: 705 | AM31: 708.525 | AO31: 706.7625 | AQ31: 706.7625 | AS31: 731.3595 | AU31: 731.3595 | AW31: 736.2639 | AY31: 742.29885 | BA31: 742.0959 | BC31: 742.0959 | BE31: 742.0959 | BG31: 557 | BI31: 505 | BK31: m | BM31: 600 | BO31: 603 | BQ31: 601.5 | BS31: 601.5 | BU31: 602.41502 | BW31: 602.41502 | BY31: 607.85998 | CA31: 611.24527 | CC31: 609.91057 | CE31: 609.91057 | CG31: 609.91057 | CI31: 478 | CK31: 429 | CN31: m | CO31: 498.3 | CQ31: 500.3465 | CS31: 500.3465 | CU31: 500.3465 | CW31: 509.717 | CY31: 509.717 | DA31: 513.357 | DC31: 513.357 | DE31: 510.757 | DG31: 510.757 | DI31: 510.757
A32: Korea | D32: m | F32: m | H32: m | J32: m | L32: m | N32: m | P32: m | Q32: 679.8 | S32: 583.2 | U32: 574.2 | W32: 584.82 | Y32: 567.86226 | AA32: 554.95046 | AC32: 543.49756 | AE32: 865 | AG32: 883 | AI32: 864 | AK32: 848 | AM32: 840.42988 | AO32: 835.56 | AQ32: 807.4 | AS32: 812.4071 | AU32: 693.5 | AW32: 666.9 | AY32: 655.5 | BA32: 657.82617 | BC32: 657.20642 | BE32: 671.13441 | BG32: 570 | BI32: 621 | BK32: 588 | BM32: 612 | BO32: 616.45693 | BQ32: 618.2 | BS32: 627 | BU32: 620.69221 | BW32: 568.1 | BY32: 556.7 | CA32: 548.34 | CC32: 547.54006 | CE32: 540.45094 | CG32: 533.23146 | CI32: 529.65 | CK32: 605 | CM32: 596.3 | CO32: 599.3 | CQ32: 603.66311 | CS32: 605 | CU32: 616 | CW32: 609.09561 | CY32: 549.1 | DA32: 549.1 | DC32: 549.67 | DE32: 551.01278 | DG32: 551.87125 | DI32: 550.72526
A33: Latvia | D33: m | F33: m | H33: m | J33: m | L33: m | N33: m | P33: m | Q33: 1350 | S33: 1350 | U33: 1260 | X33: m | Y33: 1098 | Z33: b | AA33: 1146 | AC33: 1520 | AE33: 882 | AG33: 882 | AI33: 882 | AK33: 882 | AM33: 882 | AO33: 882 | AQ33: 882 | AS33: 882 | AU33: 882 | AW33: 825 | AZ33: m | BA33: 684.6 | BB33: b | BC33: 718.2 | BE33: 1020 | BG33: 882 | BI33: 882 | BK33: 882 | BM33: 882 | BO33: 882 | BQ33: 882 | BS33: 882 | BU33: 882 | BW33: 882 | BY33: 825 | CB33: m | CC33: 684.6 | CD33: b | CE33: 718.2 | CG33: 1020 | CI33: 882 | CK33: 882 | CM33: 882 | CO33: 882 | CQ33: 882 | CS33: 882 | CU33: 882 | CW33: 882 | CY33: 882 | DA33: 990 | DD33: m | DE33: 684.6 | DF33: b | DG33: 718.2 | DI33: 1020
A34: Luxembourg | D34: m | F34: m | H34: m | J34: m | L34: m | N34: m | P34: m | Q34: 880 | S34: 880 | U34: 880 | W34: 880 | Y34: 880 | AB34: m | AD34: m | AF34: m | AG34: 774.4 | AI34: 774.4 | AK34: 774.4 | AM34: 739.2 | AO34: 739.2 | AQ34: 739.2 | AS34: 809.6 | AU34: 809.6 | AW34: 809.6 | AY34: 809.6 | BA34: 809.6 | BD34: m | BF34: m | BH34: m | BI34: 642.4 | BK34: 642.4 | BM34: 642.4 | BO34: 633.6 | BQ34: 633.6 | BS34: 633.6 | BU34: 739.2 | BW34: 739.2 | BY34: 739.2 | CA34: 739.2 | CC34: 739.2 | CF34: m | CH34: m | CJ34: m | CK34: 642.4 | CM34: 642.4 | CO34: 642.4 | CQ34: 633.6 | CS34: 633.6 | CU34: 633.6 | CW34: 739.2 | CY34: 739.2 | DA34: 739.2 | DC34: 739.2 | DE34: 739.2 | DH34: m | DJ34: m
A35: Mexico | C35: 532 | E35: 532 | G35: 532 | I35: 532 | K35: 532 | M35: 532 | O35: 532 | Q35: 532 | S35: 532 | U35: 532 | W35: 532 | Y35: 532 | AA35: 532 | AC35: 532 | AE35: 800 | AG35: 800 | AI35: 800 | AK35: 800 | AM35: 800 | AO35: 800 | AQ35: 800 | AS35: 800 | AU35: 800 | AW35: 800 | AY35: 800 | BA35: 800 | BC35: 800 | BE35: 800 | BG35: 1182 | BI35: 1046.6667 | BK35: 1046.6667 | BM35: 1046.6667 | BO35: 1046.6667 | BQ35: 1046.6667 | BS35: 1046.6667 | BU35: 1046.6667 | BW35: 1046.6667 | BY35: 1046.6667 | CA35: 1046.6667 | CC35: 1046.6667 | CE35: 1046.6667 | CG35: 1046.6667 | CJ35: m | CK35: 847.7 | CM35: 842.8 | CO35: 842.8 | CQ35: 847.7 | CS35: 842.8 | CU35: 842.8 | CW35: 847.7 | CY35: 837.9 | DA35: 837.9 | DC35: 847.7 | DE35: 847.7 | DG35: 857.5 | DI35: 837.9
A36: Netherlands | D36: m | F36: m | H36: m | J36: m | L36: m | N36: m | P36: m | Q36: 930 | S36: 930 | U36: 930 | W36: 930 | Y36: 930 | AA36: 930 | AC36: 930 | AE36: 930 | AG36: 930.15 | AI36: 930.15 | AK36: 930.15 | AM36: 930.15 | AO36: 930 | AQ36: 930 | AS36: 930 | AU36: 930 | AW36: 930 | AY36: 930 | BA36: 930 | BC36: 930 | BE36: 930 | BG36: 867 | BI36: 750 | BK36: 750 | BM36: 750 | BO36: 750 | BQ36: 750 | BS36: 750 | BU36: 750 | BW36: 750 | BY36: 750 | CA36: 750 | CC36: 750 | CE36: 750 | CG36: 750 | CI36: 867 | CK36: 750 | CM36: 750 | CO36: 750 | CQ36: 750 | CS36: 750 | CU36: 750 | CW36: 750 | CY36: 750 | DA36: 750 | DC36: 750 | DE36: 750 | DG36: 750 | DI36: 750
A37: New Zealand | D37: m | F37: m | H37: m | J37: m | L37: m | N37: m | P37: m | R37: m | T37: m | V37: m | X37: m | Z37: m | AB37: m | AD37: m | AF37: m | AH37: m | AJ37: m | AL37: m | AN37: m | AP37: m | AR37: m | AT37: m | AV37: m | AW37: 921.6 | AY37: 921.6 | BA37: 921.6 | BC37: 921.6 | BE37: 921.6 | BH37: m | BJ37: m | BL37: m | BN37: m | BP37: m | BR37: m | BT37: m | BV37: m | BX37: m | BY37: 840.8 | CA37: 840.4 | CC37: 840.4 | CE37: 840.4 | CG37: 840.4 | CJ37: m | CL37: m | CN37: m | CP37: m | CR37: m | CT37: m | CV37: m | CX37: m | CZ37: m | DA37: 760 | DC37: 760 | DE37: 760 | DG37: 760 | DI37: 760
A38: Norway | D38: m | F38: m | H38: m | J38: m | L38: m | N38: m | P38: m | Q38: 1507.5 | S38: 1507.5 | U38: 1507.5 | W38: 1507.5 | Z38: a | AB38: a | AD38: a | AE38: 712.5 | AG38: 741 | AI38: 741 | AK38: 741 | AM38: 741 | AO38: 741 | AQ38: 741 | AS38: 741 | AU38: 741 | AW38: 741 | AY38: 741 | BA38: 741 | BC38: 741 | BE38: 741 | BG38: 633.08 | BI38: 655.5 | BK38: 653.6 | BM38: 653.6 | BO38: 653.6 | BQ38: 653.6 | BS38: 653.6 | BU38: 663.1 | BW38: 663.1 | BY38: 663.1 | CA38: 663.1 | CC38: 663.1 | CE38: 663.1 | CG38: 663.1 | CI38: 505 | CK38: 523.6 | CM38: 522.5 | CO38: 522.5 | CQ38: 522.5 | CS38: 522.5 | CU38: 522.5 | CW38: 522.5 | CY38: 522.5 | DA38: 522.5 | DC38: 522.5 | DE38: 522.5 | DG38: 522.5 | DI38: 522.5
A39: Poland | D39: m | F39: m | H39: m | J39: m | K39: 1082.5 | M39: 1095 | O39: 1100 | Q39: 1095 | S39: 1090 | U39: 1080 | W39: 1075 | Y39: 1090 | AA39: 1090 | AC39: 1085 | AF39: m | AH39: m | AJ39: m | AL39: m | AM39: 570 | AO39: 570 | AQ39: 586 | AS39: 564 | AU39: 580 | AW39: 580 | AY39: 570.15 | BA39: 573.3 | BC39: 567 | BE39: 563.85 | BH39: m | BJ39: m | BL39: m | BN39: m | BO39: 486 | BQ39: 483 | BS39: 497 | BU39: 477.9 | BW39: 491 | BY39: 491 | CA39: 483.3 | CC39: 486 | CE39: 480.6 | CG39: 477.9 | CJ39: m | CL39: m | CN39: m | CP39: m | CQ39: 486 | CS39: 486 | CU39: 494 | CW39: 472.5 | CY39: 486 | DA39: 483 | DC39: 477.9 | DE39: 480.6 | DG39: 475.2 | DI39: 472.5
A40: Portugal | C40: 1035 | E40: 975 | G40: 935 | I40: 930 | K40: 930 | M40: 950 | O40: 955 | Q40: 965 | S40: 970 | U40: 960 | W40: 945 | Y40: 955 | AA40: 930 | AC40: 935 | AE40: 778.5 | AG40: 765 | AI40: 774 | AK40: 769.5 | AM40: 769.5 | AO40: 787.5 | AQ40: 778.5 | AS40: 792 | AU40: 756 | AW40: 747 | AY40: 742.5 | BA40: 742.5 | BC40: 742.5 | BE40: 778.5 | BG40: 634.33333 | BI40: 623.33333 | BK40: 630.66667 | BM40: 627 | BO40: 627 | BQ40: 641.66667 | BS40: 634.33333 | BU40: 645.33333 | BW40: 616 | BY40: 608.66667 | CA40: 605 | CC40: 605 | CE40: 605 | CG40: 616 | CI40: 576.66667 | CK40: 566.66667 | CM40: 573.33333 | CO40: 627 | CQ40: 627 | CS40: 641.66667 | CU40: 634.33333 | CW40: 645.33333 | CY40: 616 | DA40: 608.66667 | DC40: 605 | DE40: 605 | DG40: 605 | DI40: 616
A41: Slovak Republic | D41: m | F41: m | H41: m | J41: m | L41: m | N41: m | P41: m | Q41: 1127 | S41: 1114 | U41: 1108.8 | W41: 1108.8 | Y41: 1142.4 | AA41: 1160.5 | AC41: 1149.5 | AF41: m | AH41: m | AJ41: m | AL41: m | AN41: m | AO41: 832.15 | AQ41: 841.05 | AS41: 845.5 | AU41: 818.8 | AW41: 832.15 | AY41: 827.7 | BA41: 832.15 | BC41: 802.2 | BE41: 793.8 | BH41: m | BJ41: m | BL41: m | BN41: m | BP41: m | BQ41: 645.15 | BS41: 652.05 | BU41: 655.5 | BW41: 634.8 | BY41: 645.15 | CA41: 641.7 | CC41: 645.15 | CE41: 658.95 | CG41: 652.05 | CJ41: m | CL41: m | CN41: m | CP41: m | CR41: m | CS41: 617.1 | CU41: 623.7 | CW41: 627 | CY41: 607.2 | DA41: 617.1 | DC41: 613.8 | DE41: 617.1 | DG41: 573 | DI41: 567
A42: Slovenia | D42: m | F42: m | H42: m | J42: m | L42: m | N42: m | P42: m | Q42: 1314 | S42: 1314 | U42: 1314 | W42: 1314 | Y42: 1314 | AA42: 1314 | AC42: 1314 | AF42: m | AG42: 627 | AI42: 627 | AK42: 627 | AM42: 627 | AO42: 627 | AQ42: 627 | AS42: 627 | AU42: 627 | AW42: 627 | AY42: 627 | BA42: 627 | BC42: 627 | BE42: 627 | BH42: m | BI42: 627 | BK42: 627 | BM42: 627 | BO42: 627 | BQ42: 627 | BS42: 627 | BU42: 627 | BW42: 627 | BY42: 627 | CA42: 627 | CC42: 627 | CE42: 627 | CG42: 627 | CJ42: m | CK42: 570 | CM42: 570 | CO42: 570 | CQ42: 570 | CS42: 570 | CU42: 570 | CW42: 570 | CY42: 570 | DA42: 570 | DC42: 570 | DE42: 570 | DG42: 570 | DI42: 570
A43: Spain | C43: 880 | E43: 880 | G43: 880 | I43: 880 | K43: 880 | M43: 880 | O43: 880 | Q43: 880 | S43: 880 | U43: 880 | W43: 880 | Y43: 880 | AA43: 880 | AC43: 880 | AE43: 880 | AG43: 880 | AI43: 880 | AK43: 880 | AM43: 880 | AO43: 880 | AQ43: 880 | AS43: 880 | AU43: 880 | AW43: 880 | AY43: 880 | BA43: 880 | BC43: 880 | BE43: 880 | BG43: 713 | BI43: 712.8 | BK43: 712.8 | BM43: 712.8 | BO43: 712.8 | BQ43: 712.8 | BS43: 712.8 | BU43: 712.8 | BW43: 712.8 | BY43: 712.8 | CA43: 712.8 | CC43: 712.8 | CE43: 712.8 | CG43: 712.8 | CI43: 693 | CK43: 692.55 | CM43: 692.55 | CO43: 692.55 | CQ43: 692.55 | CS43: 692.55 | CU43: 692.55 | CW43: 692.55 | CY43: 692.55 | DA43: 692.55 | DC43: 692.55 | DE43: 692.55 | DG43: 692.55 | DI43: 692.55
A44: Sweden | D44: m | F44: m | H44: m | J44: m | L44: m | N44: m | P44: m | Q44: 1792 | S44: 1792 | U44: 1792 | X44: m | Z44: m | AB44: m | AD44: m | AF44: m | AH44: m | AJ44: m | AL44: m | AN44: m | AP44: m | AR44: m | AT44: m | AV44: m | AX44: a | AZ44: a | BB44: a | BD44: a | BF44: a | BH44: m | BJ44: m | BL44: m | BN44: m | BP44: m | BR44: m | BT44: m | BV44: m | BX44: m | BZ44: a | CB44: a | CD44: a | CF44: a | CH44: a | CJ44: m | CL44: m | CN44: m | CP44: m | CR44: m | CT44: m | CV44: m | CX44: m | CZ44: m | DB44: a | DD44: a | DF44: a | DH44: a | DJ44: a
A45: Switzerland | D45: m | F45: m | H45: m | J45: m | L45: m | N45: m | P45: m | Q45: 731 | S45: 734 | U45: 749 | W45: 768 | Y45: 769 | AA45: 779 | AC45: 779 | AE45: 884 | AH45: m | AJ45: m | AL45: m | AN45: m | AP45: m | AR45: m | AS45: 811 | AU45: 810 | AW45: 809 | AY45: 806 | BA45: 810 | BC45: 817 | BE45: 817 | BH45: m | BJ45: m | BL45: m | BN45: m | BP45: m | BR45: m | BT45: m | BU45: 766 | BW45: 762 | BY45: 762 | CA45: 764 | CC45: 765 | CE45: 760 | CG45: 760 | CI45: 674 | CL45: m | CN45: m | CP45: m | CR45: m | CT45: m | CV45: m | CW45: 656 | CY45: 659 | DA45: 652 | DC45: 655 | DE45: 656 | DG45: 646 | DI45: 646
A46: Turkey | C46: 1080 | E46: 1080 | G46: 1080 | I46: 1080 | K46: 1080 | M46: 1080 | O46: 1080 | Q46: 1080 | S46: 1080 | U46: 1080 | W46: 1080 | Y46: 1080 | AA46: 1080 | AC46: 1080 | AE46: 720 | AG46: 720 | AI46: 720 | AK46: 720 | AM46: 720 | AO46: 720 | AQ46: 720 | AS46: 720 | AU46: 720 | AW46: 720 | AY46: 720 | BA46: 720 | BC46: 720 | BE46: 720 | BG46: 504 | BI46: 504 | BK46: 504 | BM46: 504 | BO46: 504 | BQ46: 504 | BS46: 504 | BU46: 504 | BW46: 504 | BY46: 504 | CA46: 504 | CC46: 504 | CE46: 504 | CG46: 504 | CI46: 567 | CK46: 567 | CM46: 567 | CO46: 567 | CQ46: 567 | CS46: 567 | CU46: 567 | CW46: 567 | CY46: 567 | DA46: 504 | DC46: 504 | DE46: 504 | DG46: 504 | DI46: 504
A47: United States | B47: 2 | D47: m | F47: m | H47: m | J47: m | L47: m | N47: m | P47: m | R47: m | T47: m | V47: m | X47: m | Y47: 1010.709 | AA47: 1010.709 | AD47: m | AF47: m | AH47: m | AJ47: m | AL47: m | AN47: m | AP47: m | AR47: m | AT47: m | AV47: m | AX47: m | AZ47: m | BA47: 1004.3748 | BC47: 1004.3748 | BF47: m | BH47: m | BJ47: m | BL47: m | BN47: m | BP47: m | BR47: m | BT47: m | BV47: m | BX47: m | BY47: 981.02061 | CB47: m | CC47: 966.36312 | CE47: 966.36312 | CH47: m | CJ47: m | CL47: m | CN47: m | CP47: m | CR47: m | CT47: m | CV47: m | CX47: m | CZ47: m | DB47: m | DD47: m | DE47: 965.67012 | DG47: 965.67012 | DJ47: m
A49: Economies
A50: Flemish comm. (Belgium) | C50: 753.51852 | E50: 733.7963 | G50: 724.53704 | I50: 733.7963 | K50: 738.42593 | M50: 729.16667 | O50: 733.7963 | Q50: 729.16667 | S50: 729.16667 | U50: 733.7963 | W50: 724.53704 | Y50: 729.16667 | AA50: 733.7963 | AC50: 724.53704 | AE50: 753.51852 | AG50: 748.47222 | AI50: 739.02778 | AK50: 748.47222 | AM50: 753.19444 | AO50: 743.75 | AQ50: 748.47222 | AS50: 743.75 | AU50: 743.75 | AW50: 748.47222 | AY50: 739.02778 | BA50: 743.75 | BC50: 748.47222 | BE50: 739.02778 | BH50: m | BI50: 553.8 | BJ50: b | BK50: 533.19111 | BM50: 541.52222 | BO50: 545.68778 | BQ50: 537.35667 | BS50: 541.52222 | BU50: 537.35667 | BW50: 537.35667 | BY50: 541.52222 | CA50: 533.19111 | CC50: 537.5 | CE50: 541.66667 | CG50: 533.33333 | CJ50: m | CK50: 517.68889 | CL50: b | CM50: 497.70667 | CO50: 505.48333 | CQ50: 509.37167 | CS50: 501.595 | CU50: 505.48333 | CW50: 501.595 | CY50: 501.595 | DA50: 505.48333 | DC50: 497.70667 | DE50: 501.66667 | DG50: 505.55556 | DI50: 497.77778
A51: French comm. (Belgium) | C51: 784 | E51: 784 | G51: 784 | I51: 784 | K51: 784 | M51: 793 | O51: 793 | Q51: 783.73 | S51: 783.73 | U51: 783.73 | W51: 788.06 | Y51: 788.06 | AA51: 775.07 | AC51: 775.07 | AE51: 722 | AG51: 721.5 | AI51: 724 | AK51: 724 | AM51: 724 | AO51: 732 | AQ51: 732 | AS51: 721.104 | AU51: 721.104 | AW51: 721.104 | AY51: 728 | BA51: 728 | BC51: 716 | BE51: 716 | BG51: 662 | BI51: 662 | BK51: 662.46 | BM51: 662.46 | BO51: 662.46 | BQ51: 670.99988 | BS51: 670.99988 | BU51: 661.012 | BW51: 661.012 | BY51: 661.012 | CA51: 667.94 | CC51: 667.94 | CE51: 656.93 | CG51: 656.93 | CI51: 603 | CK51: 603 | CM51: 602.73 | CO51: 602.73 | CQ51: 602.73 | CS51: 609.99939 | CU51: 609.99939 | CW51: 600.92 | CY51: 600.92 | DA51: 600.92 | DC51: 606.06 | DE51: 606.06 | DG51: 596.07 | DI51: 596.07
A52: England (UK) | B52: 2 | D52: m | F52: m | H52: m | I52: 631 | K52: 653.6 | M52: 634.6 | O52: 684 | Q52: 684 | S52: 680.4 | U52: 722 | W52: 722 | Y52: 942.4 | AB52: a | AD52: a | AF52: m | AH52: m | AJ52: m | AK52: 631 | AM52: 653.6 | AO52: 634.6 | AQ52: 684 | AS52: 684 | AU52: 680.4 | AW52: 722 | AY52: 722 | BA52: 942.4 | BD52: a | BF52: a | BH52: m | BJ52: m | BL52: m | BM52: 714 | BO52: 722 | BQ52: 714.4 | BS52: 703 | BU52: 695 | BW52: 691.74 | BY52: 744.8 | CA52: 744.8 | CC52: 817 | CF52: a | CH52: a | CJ52: m | CL52: m | CN52: m | CO52: 714 | CQ52: 722 | CS52: 714.4 | CU52: 703 | CW52: 695 | CY52: 691.74 | DA52: 744.8 | DC52: 744.8 | DE52: 817 | DH52: a | DJ52: a
A53: Scotland (UK) | C53: 950 | E53: 893 | G53: 893 | I53: 855 | K53: 855 | M53: 855 | O53: 855 | Q53: 855 | S53: 855 | U53: 855 | W53: 855 | Y53: 855 | AA53: 855 | AC53: 855 | AE53: 950 | AG53: 893 | AI53: 893 | AK53: 855 | AM53: 855 | AO53: 855 | AQ53: 855 | AS53: 855 | AU53: 855 | AW53: 855 | AY53: 855 | BA53: 855 | BC53: 855 | BE53: 855 | BG53: 893 | BI53: 893 | BK53: 893 | BM53: 855 | BO53: 855 | BQ53: 855 | BS53: 855 | BU53: 855 | BW53: 855 | BY53: 855 | CA53: 855 | CC53: 855 | CE53: 855 | CG53: 855 | CI53: 893 | CK53: 893 | CM53: 893 | CO53: 855 | CQ53: 855 | CS53: 855 | CU53: 855 | CW53: 855 | CY53: 855 | DA53: 855 | DC53: 855 | DE53: 855 | DG53: 855 | DI53: 855
A55: OECD average | D55: m | F55: m | H55: m | J55: m | L55: m | N55: m | P55: m | Q55: 1019.1806 | S55: 1013.9087 | U55: 1008.655 | W55: 1000.177 | Y55: 999.74461 | AA55: 1032.5749 | AC55: 1045.5632 | AE55: 769.54013 | AG55: 774.79522 | AI55: 781.78805 | AK55: 771.07819 | AM55: 765.64639 | AO55: 767.6543 | AQ55: 772.22557 | AS55: 777.58231 | AU55: 770.49505 | AW55: 774.75376 | AY55: 776.83711 | BA55: 793.12868 | BC55: 776.83817 | BE55: 776.7396 | BG55: 679.59054 | BI55: 679.92523 | BK55: 683.50945 | BM55: 680.6342 | BO55: 676.90303 | BQ55: 674.7962 | BS55: 678.62844 | BU55: 685.23224 | BW55: 681.61908 | BY55: 695.6042 | CA55: 686.9821 | CC55: 705.42583 | CE55: 697.10545 | CG55: 695.14775 | CI55: 628.26629 | CK55: 647.58141 | CM55: 642.81725 | CO55: 640.64992 | CQ55: 638.48406 | CS55: 637.24883 | CU55: 641.76842 | CW55: 645.74451 | CY55: 642.40056 | DA55: 649.69669 | DC55: 643.49358 | DE55: 661.97979 | DG55: 650.69709 | DI55: 647.41661
A56: Average for OECD countries with 2000, 2005, 2010, 2015 and 2017 data | C56: 854.51484 | E56: 842.96271 | H56: m | J56: m | L56: m | N56: m | O56: 839.41267 | R56: m | T56: m | V56: m | X56: m | Y56: 911.2474 | AB56: m | AC56: 937.40078 | AE56: 776.61378 | AG56: 774.59889 | AJ56: m | AL56: m | AN56: m | AP56: m | AQ56: 781.20034 | AT56: m | AV56: m | AX56: m | AZ56: m | BA56: 767.35228 | BD56: m | BE56: 784.12321 | BG56: 681.79013 | BI56: 673.43243 | BL56: m | BN56: m | BP56: m | BR56: m | BS56: 681.0835 | BV56: m | BX56: m | BZ56: m | CB56: m | CC56: 685.23827 | CF56: m | CG56: 696.15802 | CI56: 633.9107 | CK56: 632.29548 | CN56: m | CP56: m | CR56: m | CT56: m | CU56: 640.3435 | CX56: m | CZ56: m | DB56: m | DD56: m | DE56: 635.21063 | DH56: m | DI56: 653.58484
A57: Average for EU22 countries with 2000, 2005, 2010, 2015 and 2017 data | C57: 868.37622 | E57: 853.52348 | H57: m | J57: m | L57: m | N57: m | O57: 848.95915 | R57: m | T57: m | V57: m | X57: m | Y57: 941.31809 | AB57: m | AC57: 974.94386 | AE57: 782.6434 | AG57: 779.99171 | AJ57: m | AL57: m | AN57: m | AP57: m | AQ57: 781.56941 | AT57: m | AV57: m | AX57: m | AZ57: m | BA57: 766.09681 | BD57: m | BE57: 791.19096 | BG57: 677.84667 | BI57: 672.97621 | BL57: m | BN57: m | BP57: m | BR57: m | BS57: 675.93685 | BV57: m | BX57: m | BZ57: m | CB57: m | CC57: 679.97546 | CF57: m | CG57: 697.49429 | CI57: 660.33659 | CK57: 654.62967 | CN57: m | CP57: m | CR57: m | CT57: m | CU57: 661.12222 | CX57: m | CZ57: m | DB57: m | DD57: m | DE57: 657.33436 | DH57: m | DI57: 682.0182
A59: Partners
A60: Argentina | D60: m | F60: m | H60: m | J60: m | L60: m | N60: m | P60: m | R60: m | T60: m | V60: m | X60: m | Z60: m | AB60: m | AD60: m | AF60: m | AH60: m | AJ60: m | AL60: m | AN60: m | AP60: m | AR60: m | AT60: m | AV60: m | AX60: m | AZ60: m | BB60: m | BD60: m | BF60: m | BH60: m | BJ60: m | BL60: m | BN60: m | BP60: m | BR60: m | BT60: m | BV60: m | BX60: m | BZ60: m | CB60: m | CD60: m | CF60: m | CH60: m | CJ60: m | CL60: m | CN60: m | CP60: m | CR60: m | CT60: m | CV60: m | CX60: m | CZ60: m | DB60: m | DD60: m | DF60: m | DH60: m | DJ60: m
A61: Brazil | D61: m | F61: m | H61: m | J61: m | L61: m | N61: m | P61: m | R61: m | T61: m | V61: m | X61: m | Z61: m | AB61: m | AD61: m | AF61: m | AH61: m | AJ61: m | AL61: m | AN61: m | AP61: m | AR61: m | AT61: m | AV61: m | AX61: m | AZ61: m | BB61: m | BD61: m | BF61: m | BH61: m | BJ61: m | BL61: m | BN61: m | BP61: m | BR61: m | BT61: m | BV61: m | BX61: m | BZ61: m | CB61: m | CD61: m | CF61: m | CH61: m | CJ61: m | CK61: m | CN61: m | CP61: m | CR61: m | CT61: m | CV61: m | CX61: m | CZ61: m | DB61: m | DD61: m | DF61: m | DH61: m | DJ61: m
A62: China | D62: m | F62: m | H62: m | J62: m | L62: m | N62: m | P62: m | R62: m | T62: m | V62: m | X62: m | Z62: m | AB62: m | AD62: m | AF62: m | AH62: m | AJ62: m | AL62: m | AN62: m | AP62: m | AR62: m | AT62: m | AV62: m | AX62: m | AZ62: m | BB62: m | BD62: m | BF62: m | BH62: m | BJ62: m | BL62: m | BN62: m | BP62: m | BR62: m | BT62: m | BV62: m | BX62: m | BZ62: m | CB62: m | CD62: m | CF62: m | CH62: m | CJ62: m | CL62: m | CN62: m | CP62: m | CR62: m | CT62: m | CV62: m | CX62: m | CZ62: m | DB62: m | DD62: m | DF62: m | DH62: m | DJ62: m
A63: Colombia | D63: m | E63: 800 | G63: 800 | I63: 800 | K63: 800 | M63: 800 | O63: 800 | Q63: 800 | S63: 800 | U63: 800 | W63: 800 | Y63: 800 | AA63: 800 | AC63: 800 | AF63: m | AG63: 1000 | AI63: 1000 | AK63: 1000 | AM63: 1000 | AO63: 1000 | AQ63: 1000 | AS63: 1000 | AU63: 1000 | AW63: 1000 | AY63: 1000 | BA63: 1000 | BC63: 1000 | BE63: 1000 | BH63: m | BI63: 1200 | BK63: 1200 | BM63: 1200 | BO63: 1200 | BQ63: 1200 | BS63: 1200 | BU63: 1200 | BW63: 1200 | BY63: 1200 | CA63: 1200 | CC63: 1200 | CE63: 1200 | CG63: 1200 | CJ63: m | CK63: 1200 | CM63: 1200 | CO63: 1200 | CQ63: 1200 | CS63: 1200 | CU63: 1200 | CW63: 1200 | CY63: 1200 | DA63: 1200 | DC63: 1200 | DE63: 1200 | DG63: 1200 | DI63: 1200
A64: Costa Rica | D64: m | F64: m | H64: m | J64: m | L64: m | N64: m | P64: m | R64: m | T64: m | V64: m | X64: m | Y64: 811.8 | AA64: 811.8 | AC64: 811.8 | AF64: m | AH64: m | AJ64: m | AL64: m | AN64: m | AP64: m | AR64: m | AT64: m | AV64: m | AX64: m | AZ64: m | BA64: 1188 | BC64: 1188 | BE64: 1188 | BH64: m | BJ64: m | BL64: m | BN64: m | BP64: m | BR64: m | BT64: m | BV64: m | BX64: m | BZ64: m | CB64: m | CC64: 1267.2 | CE64: 1267.2 | CG64: 1267.2 | CJ64: m | CL64: m | CN64: m | CP64: m | CR64: m | CT64: m | CV64: m | CX64: m | CZ64: m | DB64: m | DD64: m | DE64: 1267.2 | DG64: 1267.2 | DI64: 1267.2
A65: India | D65: m | F65: m | H65: m | J65: m | L65: m | N65: m | P65: m | R65: m | T65: m | V65: m | X65: m | Z65: m | AB65: m | AD65: m | AF65: m | AH65: m | AJ65: m | AL65: m | AN65: m | AP65: m | AR65: m | AT65: m | AV65: m | AX65: m | AZ65: m | BB65: m | BD65: m | BF65: m | BH65: m | BJ65: m | BL65: m | BN65: m | BP65: m | BR65: m | BT65: m | BV65: m | BX65: m | BZ65: m | CB65: m | CD65: m | CF65: m | CH65: m | CJ65: m | CL65: m | CN65: m | CP65: m | CR65: m | CT65: m | CV65: m | CX65: m | CZ65: m | DB65: m | DD65: m | DF65: m | DH65: m | DJ65: m
A66: Indonesia | D66: m | F66: m | H66: m | J66: m | L66: m | N66: m | P66: m | R66: m | T66: m | V66: m | X66: m | Z66: m | AB66: m | AD66: m | AF66: m | AH66: m | AJ66: m | AL66: m | AN66: m | AP66: m | AR66: m | AT66: m | AV66: m | AX66: m | AZ66: m | BB66: m | BD66: m | BF66: m | BH66: m | BJ66: m | BL66: m | BN66: m | BP66: m | BR66: m | BT66: m | BV66: m | BX66: m | BZ66: m | CB66: m | CD66: m | CF66: m | CH66: m | CJ66: m | CL66: m | CN66: m | CP66: m | CR66: m | CT66: m | CV66: m | CX66: m | CZ66: m | DB66: m | DD66: m | DF66: m | DH66: m | DJ66: m
A67: Lithuania | D67: m | F67: m | H67: m | J67: m | L67: m | N67: m | P67: m | R67: m | T67: m | V67: m | X67: m | Y67: 628 | AA67: 640 | AC67: 640 | AF67: m | AH67: m | AJ67: m | AL67: m | AN67: m | AP67: m | AR67: m | AT67: m | AV67: m | AX67: m | AZ67: m | BA67: 565.2 | BC67: 576 | BE67: 576 | BH67: m | BJ67: m | BL67: m | BN67: m | BP67: m | BR67: m | BT67: m | BV67: m | BX67: m | BZ67: m | CB67: m | CC67: 610.2 | CE67: 612 | CG67: 612 | CJ67: m | CL67: m | CN67: m | CP67: m | CR67: m | CT67: m | CV67: m | CX67: m | CZ67: m | DB67: m | DD67: m | DE67: 610.2 | DG67: 603 | DI67: 603
A68: Russian Federation | B68: 2 | D68: m | F68: m | H68: m | J68: m | L68: m | N68: m | P68: m | R68: m | T68: m | V68: m | X68: m | Z68: m | AB68: m | AD68: m | AF68: m | AG68: 615 | AI68: 615 | AK68: 615 | AM68: 615 | AO68: 615 | AQ68: 615 | AS68: 561 | AU68: 561 | AW68: 561 | AY68: 561 | BA68: 561 | BD68: m | BF68: m | BH68: m | BI68: 507 | BK68: 507 | BM68: 507 | BO68: 507 | BQ68: 507 | BS68: 507 | BU68: 483 | BW68: 483 | BY68: 483 | CA68: 483 | CC68: 483 | CF68: m | CH68: m | CJ68: m | CK68: 507 | CM68: 507 | CO68: 507 | CQ68: 507 | CS68: 507 | CU68: 507 | CW68: 483 | CY68: 483 | DA68: 483 | DC68: 483 | DE68: 483 | DH68: m | DJ68: m
A69: Saudi Arabia | D69: m | F69: m | H69: m | J69: m | L69: m | N69: m | P69: m | R69: m | T69: m | V69: m | X69: m | Z69: m | AB69: m | AD69: m | AF69: m | AH69: m | AJ69: m | AL69: m | AN69: m | AP69: m | AR69: m | AT69: m | AV69: m | AX69: m | AZ69: m | BB69: m | BD69: m | BF69: m | BH69: m | BJ69: m | BL69: m | BN69: m | BP69: m | BR69: m | BT69: m | BV69: m | BX69: m | BZ69: m | CB69: m | CD69: m | CF69: m | CH69: m | CJ69: m | CL69: m | CN69: m | CP69: m | CR69: m | CT69: m | CV69: m | CX69: m | CZ69: m | DB69: m | DD69: m | DF69: m | DH69: m | DJ69: m
A70: South Africa | D70: m | F70: m | H70: m | J70: m | L70: m | N70: m | P70: m | R70: m | T70: m | V70: m | X70: m | Z70: m | AB70: m | AD70: m | AF70: m | AH70: m | AJ70: m | AL70: m | AN70: m | AP70: m | AR70: m | AT70: m | AV70: m | AX70: m | AZ70: m | BB70: m | BD70: m | BF70: m | BH70: m | BJ70: m | BL70: m | BN70: m | BP70: m | BR70: m | BT70: m | BV70: m | BX70: m | BZ70: m | CB70: m | CD70: m | CF70: m | CH70: m | CJ70: m | CL70: m | CN70: m | CP70: m | CR70: m | CT70: m | CV70: m | CX70: m | CZ70: m | DB70: m | DD70: m | DF70: m | DH70: m | DJ70: m
A72: G20 average | D72: m | F72: m | H72: m | J72: m | L72: m | N72: m | P72: m | R72: m | T72: m | V72: m | X72: m | Z72: m | AB72: m | AD72: m | AF72: m | AH72: m | AJ72: m | AL72: m | AN72: m | AP72: m | AR72: m | AT72: m | AV72: m | AX72: m | AZ72: m | BB72: m | BD72: m | BF72: m | BH72: m | BJ72: m | BL72: m | BN72: m | BP72: m | BR72: m | BT72: m | BV72: m | BX72: m | BZ72: m | CB72: m | CD72: m | CF72: m | CH72: m | CJ72: m | CL72: m | CN72: m | CP72: m | CR72: m | CT72: m | CV72: m | CX72: m | CZ72: m | DB72: m | DD72: m | DF72: m | DH72: m | DJ72: m
A73: OECD average incl. Lithuania | D73: m | F73: m | H73: m | J73: m | L73: m | N73: m | P73: m | Q73: 1019.1806 | S73: 1013.9087 | U73: 1008.655 | W73: 1000.177 | Y73: 986.92583 | AA73: 1018.0351 | AC73: 1029.9646 | AE73: 769.54013 | AG73: 774.79522 | AI73: 781.78805 | AK73: 771.07819 | AM73: 765.64639 | AO73: 767.6543 | AQ73: 772.22557 | AS73: 777.58231 | AU73: 770.49505 | AW73: 774.75376 | AY73: 776.83711 | BA73: 786.79732 | BC73: 770.93116 | BE73: 770.65658 | BG73: 679.59054 | BI73: 679.92523 | BK73: 683.50945 | BM73: 680.6342 | BO73: 676.90303 | BQ73: 674.7962 | BS73: 678.62844 | BU73: 685.23224 | BW73: 681.61908 | BY73: 695.6042 | CA73: 686.9821 | CC73: 702.78067 | CE73: 694.60235 | CG73: 692.62812 | CI73: 628.26629 | CK73: 647.58141 | CM73: 642.81725 | CO73: 640.64992 | CQ73: 638.48406 | CS73: 637.24883 | CU73: 641.76842 | CW73: 645.74451 | CY73: 642.40056 | DA73: 649.69669 | DC73: 643.49358 | DE73: 660.54146 | DG73: 649.33431 | DI73: 646.11024
A74: EU23 average incl. Lithuania | D74: m | F74: m | H74: m | J74: m | L74: m | N74: m | P74: m | Q74: 1019.7152 | S74: 1015.4455 | U74: 1012.1196 | W74: 1025.0735 | Y74: 1026.9298 | AA74: 1047.5648 | AC74: 1068.1682 | AE74: 773.72818 | AG74: 766.43378 | AI74: 768.86739 | AK74: 759.62698 | AM74: 752.22291 | AO74: 755.0626 | AQ74: 760.54744 | AS74: 763.68185 | AU74: 759.37513 | AW74: 758.88398 | AY74: 754.41857 | BA74: 760.16768 | BC74: 738.94369 | BE74: 753.57211 | BG74: 677.84667 | BI74: 659.87097 | BK74: 658.8069 | BM74: 659.56969 | BO74: 654.40129 | BQ74: 653.70313 | BS74: 655.46791 | BU74: 660.13049 | BW74: 657.38104 | BY74: 657.3479 | CA74: 650.47311 | CC74: 664.51072 | CE74: 650.72407 | CG74: 665.29989 | CI74: 660.33659 | CK74: 638.84915 | CM74: 623.41246 | CO74: 628.83769 | CQ74: 625.27885 | CS74: 625.23963 | CU74: 626.61811 | CW74: 630.8203 | CY74: 627.95601 | DA74: 634.835 | DC74: 620.27982 | DE74: 632.09926 | DG74: 619.7223 | DI74: 633.37049
A75: Note: See Definitions and Methodology sections for more information. Data on years 2000 to 2017 for pre-primary education (i.e. Columns 1-14) are available for consultation on line. Data on years 2006, 2007, 2008, 2009, 2011, 2012, 2013, 2014 and 2016 for primary education, lower secondary education and upper secondary education (i.e. Columns 17-20; 22-25; 27; 31-34; 36-39; 41; 45-48; 50-53; 55) are available at http://stats.oecd.org/, Education at a Glance Database or via StatLink below).
A76: 1. Figures for the pre-primary level refer to primary teachers (in primary schools only) teaching pre-primary classes.
A77: 2. Actual teaching time (in Denmark except for pre-primary level, in England (UK) data for 2015 refer to 2016).
A78: 3. Year of reference 2011 instead of 2012 and 2013, and year of reference 2015 instead of 2014 for upper secondary education.
A79: 4. Average planned teaching time in each school at the beginning of the school year.
A80: Source: OECD (2018). See Source section for more information and Annex 3 for notes (http://dx.doi.org/10.1787/eag-2018-36-en).
A81: Please refer to the Reader's Guide for information concerning symbols for missing data and abbreviations.
A83: Lithuania was not an OECD Member at the time of preparation of this publication. Accordingly, Lithuania does not appear in the list of OECD Members and is not included in the zone aggregates. OECD and EU23 averages including Lithuania have been added at the end of this table for information purposes.

Sheet Table D4.3.
A1: Education at a Glance 2018: OECD Indicators - © OECD 2018
A2: D | B2: Indicator D4. How much time do teachers spend teaching?
A3: Version 2 - Last updated: 05-Sep-2018
A4: Disclaimer: http://oe.cd/disclaimer
A6: Table D4.3.
A7: Tasks and responsibilities of teachers, by level of education (2017)
A8: Teachers' tasks and responsibilities in public institutions as defined explicitly in regulations and/or steering documents
B10: Notes | C10: Level of education | D10: Tasks | K10: Other responsibilities
D11: Teaching | E11: Individual planning or preparation of lessons either at school or elsewhere | F11: Marking/correcting of student work | G11: General administrative work (including communication, paperwork and other clerical duties undertaken as part the job) | H11: Communication and co-operation with parents or guardians | I11: Supervision of students during breaks | J11: Team work and dialogue with colleagues at school or elsewhere | K11: Participation in school or other management in addition to teaching duties (e.g. serving as head of department or co-ordinator of teachers) | L11: Teaching more classes or hours than required by full-time contract (e.g. overtime compensation) | M11: Students counselling (including student supervising, virtual counselling, career guidance, and delinquency prevention) | N11: Engaging in extracurricular activities (e.g. homework clubs, sports and drama clubs, summer school) | O11: Special tasks (e.g. training student teachers, guidance counselling) | P11: Class teacher/form teacher | Q11: Participation in mentoring programmes and/or supporting new teachers in induction programmes | R11: Participation in professional development activities
D12: 1 | E12: 2 | F12: 3 | G12: 4 | H12: 5 | I12: 6 | J12: 7 | K12: 8 | L12: 9 | M12: 10 | N12: 11 | O12: 12 | P12: 13 | Q12: 14 | R12: 15
A13: OECD
A14: Countries
A15: Australia | C15: Pre-primary | D15: Mand. | E15: Mand. | F15: Mand. | G15: Mand. | H15: Mand. | I15: Mand. | J15: Mand. | K15: School req. | L15: Not req. | M15: Voluntary | N15: Voluntary | O15: School req. | P15: School req. | Q15: Voluntary | R15: School req.
A16: Australia | C16: Primary | D16: Mand. | E16: Mand. | F16: Mand. | G16: Mand. | H16: Mand. | I16: Mand. | J16: Mand. | K16: School req. | L16: Not req. | M16: Voluntary | N16: Voluntary | O16: School req. | P16: School req. | Q16: Voluntary | R16: School req.
A17: Australia | C17: Lower secondary (gen. progr.) | D17: Mand. | E17: Mand. | F17: Mand. | G17: Mand. | H17: Mand. | I17: Mand. | J17: Mand. | K17: School req. | L17: Not req. | M17: Voluntary | N17: Voluntary | O17: School req. | P17: School req. | Q17: Voluntary | R17: School req.
A18: Australia | C18: Lower secondary (voc. progr.) | D18: Mand. | E18: Mand. | F18: Mand. | G18: Mand. | H18: Mand. | I18: Mand. | J18: Mand. | K18: School req. | L18: Not req. | M18: Voluntary | N18: Voluntary | O18: School req. | P18: School req. | Q18: Voluntary | R18: School req.
A19: Australia | C19: Upper secondary (gen. progr.) | D19: Mand. | E19: Mand. | F19: Mand. | G19: Mand. | H19: Mand. | I19: Mand. | J19: Mand. | K19: School req. | L19: Not req. | M19: Voluntary | N19: Voluntary | O19: School req. | P19: School req. | Q19: Voluntary | R19: School req.
A20: Australia | C20: Upper secondary (voc. progr.) | D20: Mand. | E20: Mand. | F20: Mand. | G20: Mand. | H20: Mand. | I20: Mand. | J20: Mand. | K20: School req. | L20: Not req. | M20: Voluntary | N20: Voluntary | O20: School req. | P20: School req. | Q20: Voluntary | R20: School req.
A21: Austria | C21: Pre-primary | D21: m | E21: m | F21: m | G21: m | H21: m | I21: m | J21: m | K21: m | L21: m | M21: m | N21: m | O21: m | P21: m | Q21: m | R21: m
A22: Austria | C22: Primary | D22: Mand. | E22: Mand. | F22: Mand. | G22: Mand. | H22: Mand. | I22: Mand. | J22: Mand. | K22: Not req. | L22: Mand. | M22: Not req. | N22: Voluntary | O22: Voluntary | P22: Mand. | Q22: Voluntary | R22: Mand.
A23: Austria | C23: Lower secondary (gen. progr.) | D23: Mand. | E23: Mand. | F23: Mand. | G23: Mand. | H23: Mand. | I23: Mand. | J23: Mand. | K23: School req. | L23: Mand. | M23: School req. | N23: Voluntary | O23: Voluntary | P23: School req. | Q23: Voluntary | R23: Mand.
A24: Austria | C24: Lower secondary (voc. progr.) | D24: a | E24: a | F24: a | G24: a | H24: a | I24: a | J24: a | K24: a | L24: a | M24: a | N24: a | O24: a | P24: a | Q24: a | R24: a
A25: Austria | C25: Upper secondary (gen. progr.) | D25: Mand. | E25: Mand. | F25: Mand. | G25: Mand. | H25: Mand. | I25: Mand. | J25: Mand. | K25: School req. | L25: Mand. | M25: School req. | N25: Voluntary | O25: Voluntary | P25: School req. | Q25: Voluntary | R25: Mand.
A26: Austria | C26: Upper secondary (voc. progr.) | D26: Mand. | E26: Mand. | F26: Mand. | G26: Mand. | H26: Mand. | I26: Mand. | J26: Mand. | K26: School req. | L26: Mand. | M26: School req. | N26: Voluntary | O26: Voluntary | P26: School req. | Q26: Voluntary | R26: Mand.
... A148: New Zealand | C148: Primary | D148: Mand. | E148: Mand. | F148: Mand. | G148: Mand. | H148: Mand. | I148: School req. | J148: Mand. | K148: School req. | L148: a | M148: Mand. | N148: Voluntary | O148: School req. | P148: School req. | Q148: School req. | R148: School req.
A149: New Zealand | B149: 1 | C149: Lower secondary (gen. progr.) | D149: Mand. | E149: Mand. | F149: Mand. | G149: Mand. | H149: Mand. | I149: School req. | J149: Mand. | K149: School req. | L149: School req. | M149: Mand./School req. | N149: Voluntary | O149: School req. | P149: School req. | Q149: School req. | R149: School req.
A150: New Zealand | C150: Lower secondary (voc. progr.) | D150: a | E150: a | F150: a | G150: a | H150: a | I150: a | J150: a | K150: a | L150: a | M150: a | N150: a | O150: a | P150: a | Q150: a | R150: a
A151: New Zealand | C151: Upper secondary (gen. progr.) | D151: Mand. | E151: Mand. | F151: Mand. | G151: Mand. | H151: Mand. | I151: School req. | J151: Mand. | K151: School req. | L151: School req. | M151: School req. | N151: Voluntary | O151: School req. | P151: School req. | Q151: School req. | R151: School req.
A152: New Zealand | C152: Upper secondary (voc. progr.) | D152: m | E152: m | F152: m | G152: m | H152: m | I152: m | J152: m | K152: m | L152: m | M152: m | N152: m | O152: m | P152: m | Q152: m | R152: m
A153: Norway | C153: Pre-primary | D153: m | E153: m | F153: m | G153: m | H153: m | I153: m | J153: m | K153: m | L153: m | M153: m | N153: m | O153: m | P153: m | Q153: m | R153: m
A154: Norway | C154: Primary | D154: Mand. | E154: Mand. | F154: Mand. | G154: Mand. | H154: Mand. | I154: School req. | J154: Mand. | K154: School req. | L154: School req. | M154: School req. | N154: Not req. | O154: Voluntary | P154: School req. | Q154: Voluntary | R154: Voluntary
A155: Norway | C155: Lower secondary (gen. progr.) | D155: Mand. | E155: Mand. | F155: Mand. | G155: Mand. | H155: Mand. | I155: School req. | J155: Mand. | K155: School req. | L155: School req. | M155: School req. | N155: Not req. | O155: Voluntary | P155: School req. | Q155: Voluntary | R155: Voluntary
A156: Norway | C156: Lower secondary (voc. progr.) | D156: a | E156: a | F156: a | G156: a | H156: a | I156: a | J156: a | K156: a | L156: a | M156: a | N156: a | O156: a | P156: a | Q156: a | R156: a
A157: Norway | C157: Upper secondary (gen. progr.) | D157: Mand. | E157: Mand. | F157: Mand. | G157: Mand. | H157: Mand. | I157: School req. | J157: Mand. | K157: School req. | L157: School req. | M157: School req. | N157: Not req. | O157: Voluntary | P157: School req. | Q157: Voluntary | R157: Voluntary
A158: Norway | C158: Upper secondary (voc. progr.) | D158: Mand. | E158: Mand. | F158: Mand. | G158: Mand. | H158: Mand. | I158: School req. | J158: Mand. | K158: School req. | L158: School req. | M158: School req. | N158: Not req. | O158: Voluntary | P158: School req. | Q158: Voluntary | R158: Voluntary
A159: Poland | C159: Pre-primary | D159: Mand. | E159: Mand. | F159: Mand. | G159: Mand. | H159: Mand. | I159: Mand. | J159: Mand. | K159: School req. | L159: Mand. | M159: Not req. | N159: Voluntary | O159: Voluntary | P159: School req. | Q159: Voluntary | R159: Mand.
A160: Poland | C160: Primary | D160: Mand. | E160: Mand. | F160: Mand. | G160: Mand. | H160: Mand. | I160: Mand. | J160: Mand. | K160: School req. | L160: Voluntary | M160: Not req. | N160: Voluntary | O160: Voluntary | P160: School req. | Q160: Voluntary | R160: Mand.
A161: Poland | C161: Lower secondary (gen. progr.) | D161: Mand. | E161: Mand. | F161: Mand. | G161: Mand. | H161: Mand. | I161: Mand. | J161: Mand. | K161: School req. | L161: Voluntary | M161: Not req. | N161: Voluntary | O161: Voluntary | P161: School req. | Q161: Voluntary | R161: Mand.
... A212: United States | C212: Upper secondary (voc. progr.) | D212: Mand. | E212: School Req. | F212: School Req. | G212: School Req. | H212: School Req. | I212: School Req. | J212: School Req. | K212: School Req. | L212: School Req. | M212: School Req. | N212: School Req. | O212: School Req. | P212: School Req. | Q212: School Req. | R212: School Req.
A214: Economies
A215: Flemish comm. (Belgium) | C215: Pre-primary | D215: Mand. | E215: Mand. | F215: School req. | G215: School req. | H215: School req. | I215: School req. | J215: School req. | K215: Voluntary | L215: Voluntary | M215: Not req. | N215: Voluntary | O215: Voluntary | P215: Mand. | Q215: Voluntary | R215: Mand.
A216: Flemish comm. (Belgium) | C216: Primary | D216: Mand. | E216: Mand. | F216: School req. | G216: School req. | H216: School req. | I216: School req. | J216: School req. | K216: Voluntary | L216: Voluntary | M216: Not req. | N216: Voluntary | O216: Voluntary | P216: Mand. | Q216: Voluntary | R216: Mand.
A217: Flemish comm. (Belgium) | C217: Lower secondary (gen. progr.) | D217: Mand. | E217: Mand. | F217: School req. | G217: School req. | H217: School req. | I217: School req. | J217: School req. | K217: Voluntary | L217: Voluntary | M217: Not req. | N217: Voluntary | O217: Voluntary | P217: Voluntary | Q217: Voluntary | R217: Mand.
A218: Flemish comm. (Belgium) | C218: Lower secondary (voc. progr.) | D218: a | E218: a | F218: a | G218: a | H218: a | I218: a | J218: a | K218: a | L218: a | M218: a | N218: a | O218: a | P218: a | Q218: a | R218: a
A219: Flemish comm. (Belgium) | C219: Upper secondary (gen. progr.) | D219: Mand. | E219: Mand. | F219: School req. | G219: School req. | H219: School req. | I219: School req. | J219: School req. | K219: Voluntary | L219: Voluntary | M219: Not req. | N219: Voluntary | O219: Voluntary | P219: Voluntary | Q219: Voluntary | R219: Mand.
A220: Flemish comm. (Belgium) | C220: Upper secondary (voc. progr.) | D220: Mand. | E220: Mand. | F220: School req. | G220: School req. | H220: School req. | I220: School req. | J220: School req. | K220: Voluntary | L220: Voluntary | M220: Not req. | N220: Voluntary | O220: Voluntary | P220: Voluntary | Q220: Voluntary | R220: Mand.
A221: French comm. (Belgium) | C221: Pre-primary | D221: Mand. | E221: Mand. | F221: Mand. | G221: Mand. | H221: Mand. | I221: Mand. | J221: Mand. | K221: Voluntary | L221: Voluntary | M221: Voluntary | N221: Voluntary | O221: Voluntary | P221: Voluntary | Q221: School req. | R221: Mand.
A222: French comm. (Belgium) | C222: Primary | D222: Mand. | E222: Mand. | F222: Mand. | G222: Mand. | H222: Mand. | I222: Mand. | J222: Mand. | K222: Voluntary | L222: Voluntary | M222: Voluntary | N222: Voluntary | O222: Voluntary | P222: Voluntary | Q222: School req. | R222: Mand.
A223: French comm. (Belgium) | C223: Lower secondary (gen. progr.) | D223: Mand. | E223: Mand. | F223: Mand. | G223: Mand. | H223: Mand. | I223: Voluntary | J223: Voluntary | K223: Voluntary | L223: Voluntary | M223: Voluntary | N223: Voluntary | O223: Voluntary | P223: Voluntary | Q223: School req. | R223: Mand.
A224: French comm. (Belgium) | C224: Lower secondary (voc. progr.) | D224: a | E224: a | F224: a | G224: a | H224: a | I224: a | J224: a | K224: a | L224: a | M224: a | N224: a | O224: a | P224: a | Q224: a | R224: a
A225: French comm. (Belgium) | C225: Upper secondary (gen. progr.) | D225: Mand. | E225: Mand. | F225: Mand. | G225: Mand. | H225: Mand. | I225: Voluntary | J225: Voluntary | K225: Voluntary | L225: Voluntary | M225: Voluntary | N225: Voluntary | O225: Voluntary | P225: Voluntary | Q225: School req. | R225: Mand.
A226: French comm. (Belgium) | C226: Upper secondary (voc. progr.) | D226: Mand. | E226: Mand. | F226: Mand. | G226: Mand. | H226: Mand. | I226: Voluntary | J226: Voluntary | K226: Voluntary | L226: Voluntary | M226: Voluntary | N226: Voluntary | O226: Voluntary | P226: Voluntary | Q226: School req. | R226: Mand.
... A238: Scotland (UK) | C238: Upper secondary (voc. progr.) | D238: a | E238: a | F238: a | G238: a | H238: a | I238: a | J238: a | K238: a | L238: a | M238: a | N238: a | O238: a | P238: a | Q238: a | R238: a
A240: Partners
A241: Argentina | D241: m | E241: m | F241: m | G241: m | H241: m | I241: m | J241: m | K241: m | L241: m | M241: m | N241: m | O241: m | P241: m | Q241: m | R241: m
A242: Brazil | C242: Pre-primary | D242: Mand. | E242: Mand. | F242: m | G242: m | H242: Mand. | I242: m | J242: m | K242: m | L242: m | M242: m | N242: m | O242: m | P242: m | Q242: m | R242: Mand.
A243: Brazil | C243: Primary | D243: Mand. | E243: Mand. | F243: m | G243: m | H243: Mand. | I243: m | J243: m | K243: m | L243: m | M243: m | N243: m | O243: m | P243: m | Q243: m | R243: Mand.
A244: Brazil | C244: Lower secondary (gen. progr.) | D244: Mand. | E244: Mand. | F244: m | G244: m | H244: Mand. | I244: m | J244: m | K244: m | L244: m | M244: m | N244: m | O244: m | P244: m | Q244: m | R244: Mand.
A245: Brazil | C245: Lower secondary (voc. progr.) | D245: Mand. | E245: Mand. | F245: m | G245: m | H245: Mand. | I245: m | J245: m | K245: m | L245: m | M245: m | N245: m | O245: m | P245: m | Q245: m | R245: Mand.
A246: Brazil | C246: Upper secondary (gen. progr.) | D246: Mand. | E246: Mand. | F246: m | G246: m | H246: Mand. | I246: m | J246: m | K246: m | L246: m | M246: m | N246: m | O246: m | P246: m | Q246: m | R246: Mand.
A247: Brazil | C247: Upper secondary (voc. progr.) | D247: Mand. | E247: Mand. | F247: m | G247: m | H247: Mand. | I247: m | J247: m | K247: m | L247: m | M247: m | N247: m | O247: m | P247: m | Q247: m | R247: Mand.
A248: China | D248: m | E248: m | F248: m | G248: m | H248: m | I248: m | J248: m | K248: m | L248: m | M248: m | N248: m | O248: m | P248: m | Q248: m | R248: m
A249: Colombia | C249: Pre-primary | D249: Mand. | E249: Mand. | F249: Mand. | G249: Mand. | H249: Mand. | I249: Mand. | J249: Mand. | K249: Mand. | L249: Not req. | M249: Mand. | N249: Not req. | O249: Not req. | P249: Not req. | Q249: Not req. | R249: School req.
A250: Colombia | C250: Primary | D250: Mand. | E250: Mand. | F250: Mand. | G250: Mand. | H250: Mand. | I250: Mand. | J250: Mand. | K250: Mand. | L250: Not req. | M250: Mand. | N250: Not req. | O250: Not req. | P250: Not req. | Q250: Not req. | R250: School req.
A251: Colombia | C251: Lower secondary (gen. progr.) | D251: Mand. | E251: Mand. | F251: Mand. | G251: Mand. | H251: Mand. | I251: Mand. | J251: Mand. | K251: Mand. | L251: Not req. | M251: Mand. | N251: Not req. | O251: Not req. | P251: Not req. | Q251: Not req. | R251: School req.
A252: Colombia | C252: Lower secondary (voc. progr.) | D252: a | E252: a | F252: a | G252: a | H252: a | I252: a | J252: a | K252: a | L252: a | M252: a | N252: a | O252: a | P252: a | Q252: a | R252: a
A253: Colombia | C253: Upper secondary (gen. progr.) | D253: Mand. | E253: Mand. | F253: Mand. | G253: Mand. | H253: Mand. | I253: Mand. | J253: Mand. | K253: Mand. | L253: Not req. | M253: Mand. | N253: Not req. | O253: Not req. | P253: Not req. | Q253: Not req. | R253: School req.
A254: Colombia | C254: Upper secondary (voc. progr.) | D254: School req. | E254: School req. | F254: School req. | G254: School req. | H254: School req. | I254: School req. | J254: School req. | K254: Mand. | L254: Not req. | M254: Mand. | N254: Not req. | O254: Not req. | P254: Not req. | Q254: Not req. | R254: School req.
A255: Costa Rica | C255: Pre-primary | D255: Mand. | E255: Mand. | F255: Mand. | G255: Voluntary | H255: Mand. | I255: Mand. | J255: Mand. | K255: School req. | L255: Voluntary | M255: Mand. | N255: Voluntary | O255: Mand. | P255: Mand. | Q255: Mand. | R255: School req.
A256: Costa Rica | C256: Primary | D256: Mand. | E256: Mand. | F256: Mand. | G256: Voluntary | H256: Mand. | I256: Mand. | J256: Mand. | K256: School req. | L256: Voluntary | M256: Mand. | N256: Voluntary | O256: Mand. | P256: Mand. | Q256: Mand. | R256: School req.
A257: Costa Rica | C257: Lower secondary (gen. progr.) | D257: Mand. | E257: Mand. | F257: Mand. | G257: Voluntary | H257: Mand. | I257: Mand. | J257: Mand. | K257: School req. | L257: Voluntary | M257: Mand. | N257: Voluntary | O257: Mand. | P257: Mand. | Q257: Mand. | R257: School req.
A258: Costa Rica | C258: Lower secondary (voc. progr.) | D258: Mand. | E258: Mand. | F258: Mand. | G258: Voluntary | H258: Mand. | I258: Mand. | J258: Mand. | K258: School req. | L258: Voluntary | M258: Mand. | N258: Voluntary | O258: Mand. | P258: Mand. | Q258: Mand. | R258: School req.
A259: Costa Rica | C259: Upper secondary (gen. progr.) | D259: Mand. | E259: Mand. | F259: Mand. | G259: Voluntary | H259: Mand. | I259: Mand. | J259: Mand. | K259: School req. | L259: Voluntary | M259: Mand. | N259: Voluntary | O259: Mand. | P259: Mand. | Q259: Mand. | R259: School req.
A260: Costa Rica | C260: Upper secondary (voc. progr.) | D260: Mand. | E260: Mand. | F260: Mand. | G260: Voluntary | H260: Mand. | I260: Mand. | J260: Mand. | K260: School req. | L260: Voluntary | M260: Mand. | N260: Voluntary | O260: Mand. | P260: Mand. | Q260: Mand. | R260: School req.
A261: India | D261: m | E261: m | F261: m | G261: m | H261: m | I261: m | J261: m | K261: m | L261: m | M261: m | N261: m | O261: m | P261: m | Q261: m | R261: m
A262: Indonesia | D262: m | E262: m | F262: m | G262: m | H262: m | I262: m | J262: m | K262: m | L262: m | M262: m | N262: m | O262: m | P262: m | Q262: m | R262: m
A263: Lithuania | C263: Pre-primary | D263: Mand. | E263: Mand. | F263: Mand. | G263: Mand. | H263: Mand. | I263: School req. | J263: School req. | K263: School req. | L263: School req. | M263: School req. | N263: Voluntary | O263: Voluntary | P263: School req. | Q263: Voluntary | R263: Mand.
A264: Lithuania | C264: Primary | D264: Mand. | E264: Mand. | F264: Mand. | G264: Mand. | H264: Mand. | I264: School req. | J264: School req. | K264: School req. | L264: School req. | M264: School req. | N264: Voluntary | O264: Voluntary | P264: School req. | Q264: Voluntary | R264: Mand.
A265: Lithuania | C265: Lower secondary (gen. progr.) | D265: Mand. | E265: Mand. | F265: Mand. | G265: Mand. | H265: Mand. | I265: School req. | J265: School req. | K265: School req. | L265: School req. | M265: School req. | N265: Voluntary | O265: Voluntary | P265: School req. | Q265: Voluntary | R265: Mand.
A266: Lithuania | C266: Lower secondary (voc. progr.) | D266: Mand. | E266: Mand. | F266: Mand. | G266: Mand. | H266: Mand. | I266: School req. | J266: School req. | K266: School req. | L266: School req. | M266: School req. | N266: Voluntary | O266: Voluntary | P266: School req. | Q266: Voluntary | R266: Mand.
A267: Lithuania | C267: Upper secondary (gen. progr.) | D267: Mand. | E267: Mand. | F267: Mand. | G267: Mand. | H267: Mand. | I267: School req. | J267: School req. | K267: School req. | L267: School req. | M267: School req. | N267: Voluntary | O267: Voluntary | P267: School req. | Q267: Voluntary | R267: Mand.
A268: Lithuania | C268: Upper secondary (voc. progr.) | D268: Mand. | E268: Mand. | F268: Mand. | G268: Mand. | H268: Mand. | I268: School req. | J268: School req. | K268: School req. | L268: School req. | M268: School req. | N268: Voluntary | O268: Voluntary | P268: School req. | Q268: Voluntary | R268: Mand.
A269: Russian Federation | C269: Pre-primary | D269: m | E269: m | F269: m | G269: m | H269: m | I269: m | J269: m | K269: m | L269: m | M269: m | N269: m | O269: m | P269: m | Q269: m | R269: m
A270: Russian Federation | C270: Primary | D270: m | E270: m | F270: m | G270: m | H270: m | I270: m | J270: m | K270: m | L270: m | M270: m | N270: m | O270: m | P270: m | Q270: m | R270: m
A271: Russian Federation | C271: Lower secondary (gen. progr.) | D271: m | E271: m | F271: m | G271: m | H271: m | I271: m | J271: m | K271: m | L271: m | M271: m | N271: m | O271: m | P271: m | Q271: m | R271: m
A272: Russian Federation | C272: Lower secondary (voc. progr.) | D272: m | E272: m | F272: m | G272: m | H272: m | I272: m | J272: m | K272: m | L272: m | M272: m | N272: m | O272: m | P272: m | Q272: m | R272: m
A273: Russian Federation | C273: Upper secondary (gen. progr.) | D273: m | E273: m | F273: m | G273: m | H273: m | I273: m | J273: m | K273: m | L273: m | M273: m | N273: m | O273: m | P273: m | Q273: m | R273: m
A274: Russian Federation | C274: Upper secondary (voc. progr.) | D274: m | E274: m | F274: m | G274: m | H274: m | I274: m | J274: m | K274: m | L274: m | M274: m | N274: m | O274: m | P274: m | Q274: m | R274: m
A275: Saudi Arabia | D275: m | E275: m | F275: m | G275: m | H275: m | I275: m | J275: m | K275: m | L275: m | M275: m | N275: m | O275: m | P275: m | Q275: m | R275: m
A276: South Africa | D276: m | E276: m | F276: m | G276: m | H276: m | I276: m | J276: m | K276: m | L276: m | M276: m | N276: m | O276: m | P276: m | Q276: m | R276: m
A277: Are tasks/responsibilities required of teachers?
A278: Mand. = Yes, mandatory
A279: School Req. = Yes, at the discretion of individual schools
A280: Voluntary = No, voluntary at the discretion of individual teachers
A281: Not req. = No, not required
A282: a: not applicable
A283: m: missing
A287: Note: Pre-primary, primary, lower secondary (vocational programmes) and upper secondary levels (added in separate rows) are available for consultation on line (see StatLink below). See Definitions and Methodology sections for more information.
A288: 1. Citeria for the first two years of lower secondary education (general programmes) follow those for primary education and those for the last two years of lower secondary education (general programmes) follow those of upper secondary education (general programmes).
A289: Source: OECD (2018). See Source section for more information and Annex 3 for notes (http://dx.doi.org/10.1787/eag-2018-36-en).
...

Sheet Figure D4.1.
A1: Education at a Glance 2018: OECD Indicators - © OECD 2018
A2: D | B2: Indicator D4. How much time do teachers spend teaching?
A3: Version 2 - Last updated: 05-Sep-2018
A4: Disclaimer: http://oe.cd/disclaimer
A6: Figure D4.1.
A7: Number of teaching hours per year in general lower secondary education (2000, 2005 and 2017)
A8: Net statutory contact time in public institutions
A35: Note: The OECD average refers to OECD countries and economies with available data for 2005, 2010, 2015 and 2017.
A36: 1. Actual teaching time.
A37: 2. Year of reference 2016 instead of 2017.
A38: 3. Average planned teaching time in each school at the beginning of the school year.
A39: Countries and economies are ranked in descending order of the number of teaching hours per year in general lower secondary education in 2017.
A40: Source: OECD (2018), Table D4.2. See Source section for more information and Annex 3 for notes (http://dx.doi.org/10.1787/eag-2018-36-en).
A41: Lithuania was not an OECD Member at the time of preparation of this publication. Accordingly, Lithuania does not appear in the list of OECD Members and is not included in the zone aggregates. OECD and EU23 averages including Lithuania have been added at the end of this table for information purposes.
B46: 2005 | C46: 2000 | D46: 2017
A47: Costa Rica | D47: 1267.2
A48: Colombia | B48: 1200 | D48: 1200
A49: Chile | B49: 1127.6856 | D49: 1063.5552
A50: Mexico | B50: 1046.6667 | C50: 1182 | D50: 1046.6667
A51: Latvia | B51: 882 | C51: 882 | D51: 1020
A52: United States1, 2 | D52: 966.36312
A53: Scotland (UK) | B53: 893 | C53: 893 | D53: 855
A54: New Zealand | D54: 840.4
A55: Australia | B55: 810.16 | C55: 810.54626 | D55: 797.28162
A56: Switzerland | D56: 760
A57: Netherlands | B57: 750 | C57: 867 | D57: 750
A58: Germany | B58: 758.46457 | C58: 732.28478 | D58: 747.40942
A59: Canada | D59: 744.53292
A60: Ireland | B60: 734.8 | C60: 734.8 | D60: 721.6
A61: Spain | B61: 712.8 | C61: 713 | D61: 712.8
A62: Israel | B62: 579 | C62: 579 | D62: 698.87171
A63: OECD average | B63: 673.43243 | C63: 681.79013 | D63: 696.15802
A64: France | B64: 648 | C64: 648 | D64: 684
A65: Norway | B65: 655.5 | C65: 633.08 | D65: 663.1
A66: French comm. (Belgium) | B66: 662 | C66: 662 | D66: 656.93
A67: Hungary | B67: 555 | C67: 555 | D67: 655.2
A68: Slovak Republic | D68: 652.05
A69: Slovenia | B69: 627 | D69: 627
A70: Italy | B70: 605 | C70: 608 | D70: 626.4
A71: Iceland | B71: 671.4 | C71: 629 | D71: 623.88
A72: Czech Republic | B72: 646.8 | C72: 650.1 | D72: 617.1
A73: Portugal | B73: 623.33333 | C73: 634.33333 | D73: 616
A74: Lithuania | D74: 612
A75: Japan3 | B75: 505 | C75: 557 | D75: 609.91057
A76: Greece | B76: 434.22143 | C76: 426.02857 | D76: 608.925
A77: Austria | B77: 606.6 | D77: 606.6
A78: Estonia | B78: 630 | C78: 630 | D78: 602
A79: Finland | B79: 592.2 | C79: 570 | D79: 589.05
A80: Flemish comm. (Belgium) | B80: 553.8 | D80: 533.33333
A81: Korea | B81: 621 | C81: 570 | D81: 533.23146
A82: Turkey | B82: 504 | C82: 504 | D82: 504
A83: Poland | D83: 477.9
A84: OECD average incl. Lithuania | B84: 679.92523 | C84: 679.59054 | D84: 692.62812
A85: EU23 average incl. Lithuania | B85: 659.87097 | C85: 677.84667 | D85: 665.29989

Sheet Figure D4.2.
A1: Education at a Glance 2018: OECD Indicators - © OECD 2018
A2: D | B2: Indicator D4. How much time do teachers spend teaching?
A3: Version 2 - Last updated: 05-Sep-2018
A4: Disclaimer: http://oe.cd/disclaimer
A6: Figure D4.2.
A7: Number of teaching hours per year, by level of education (2017)
A8: Net statutory contact time in public institutions
A37: 1. Actual teaching time.
A38: 2. Year of reference 2016.
A39: 3. Average planned teaching time in each school at the beginning of the school year.
A40: Countries and economies are ranked in descending order of the number of teaching hours per year in general upper secondary education.
A41: Source: OECD (2018), Table D4.1. See Source section for more information and Annex 3 for notes (http://dx.doi.org/10.1787/eag-2018-36-en).
A42: Lithuania was not an OECD Member at the time of preparation of this publication. Accordingly, Lithuania does not appear in the list of OECD Members and is not included in the zone aggregates. OECD and EU23 averages including Lithuania have been added at the end of this table for information purposes.
B47: Upper secondary, general programmes | C47: Lower secondary, general programmes | D47: Primary | E47: Pre-primary
A48: Costa Rica | B48: 1267.2 | C48: 1267.2 | D48: 1188 | E48: 811.8
A49: Colombia | B49: 1200 | C49: 1200 | D49: 1000 | E49: 800
A50: Chile | B50: 1063.5552 | C50: 1063.5552 | D50: 1063.5552 | E50: 1063.5552
A51: Latvia | B51: 1020 | C51: 1020 | D51: 1020 | E51: 1520
A52: United States1, 2 | B52: 965.67012 | C52: 966.36312 | D52: 1004.3748 | E52: 1010.709
A53: Scotland (UK) | B53: 855 | C53: 855 | D53: 855 | E53: 855
A54: Mexico | B54: 837.9 | C54: 1046.6667 | D54: 800 | E54: 532
A55: Australia | B55: 797.28162 | C55: 797.28162 | D55: 865.2686 | E55: 903.24667
A56: New Zealand | B56: 760 | C56: 840.4 | D56: 921.6
A57: Netherlands | B57: 750 | C57: 750 | D57: 930 | E57: 930
A58: Canada | B58: 745.74031 | C58: 744.53292 | D58: 797.7713
A59: Ireland | B59: 721.6 | C59: 721.6 | D59: 910
A60: Germany | B60: 719.32344 | C60: 747.40942 | D60: 800.53659 | E60: 1755
A61: Spain | B61: 692.55 | C61: 712.8 | D61: 880 | E61: 880
A62: France | B62: 684 | C62: 684 | D62: 900 | E62: 900
A63: OECD average | B63: 656.77701 | C63: 703.36639 | D63: 783.63764 | E63: 1044.2226
A64: Hungary | B64: 651.6 | C64: 655.2 | D64: 655.2 | E64: 1344
A65: Switzerland | B65: 646 | C65: 760 | D65: 817 | E65: 779
A66: EU22 average | B66: 634.8167 | C66: 667.96489 | D66: 762.45072 | E66: 1093.3545
A67: Italy | B67: 626.4 | C67: 626.4 | D67: 765.6 | E67: 945
A68: Portugal | B68: 616 | C68: 616 | D68: 778.5 | E68: 935
A69: Israel | B69: 609.74472 | C69: 698.87171 | D69: 843.34742 | E69: 1030.7533
A70: Lithuania | B70: 603 | C70: 612 | D70: 576 | E70: 640
A71: French comm. (Belgium) | B71: 596.07 | C71: 656.93 | D71: 716 | E71: 775.07
... A73: Czech Republic | B73: 589.05 | C73: 617.1 | D73: 617.1 | E73: 1333
A74: Austria | B74: 588.6 | C74: 606.6 | D74: 779.4
A75: Slovenia | B75: 570 | C75: 627 | D75: 627 | E75: 1314
A76: Estonia | B76: 567.6 | C76: 602 | D76: 584.8 | E76: 1320
A77: Slovak Republic | B77: 567 | C77: 652.05 | D77: 793.8 | E77: 1149.5
A78: Korea | B78: 550.72526 | C78: 533.23146 | D78: 671.13441 | E78: 543.49756
A79: Finland | B79: 547.162 | C79: 589.05 | D79: 673.2
A80: Norway | B80: 522.5 | C80: 663.1 | D80: 741
A81: Japan3 | B81: 510.757 | C81: 609.91057 | D81: 742.0959
A82: Turkey | B82: 504 | C82: 504 | D82: 720 | E82: 1080
A83: Flemish comm. (Belgium) | B83: 497.77778 | C83: 533.33333 | D83: 739.02778 | E83: 724.53704
A84: Iceland | B84: 485.39326 | C84: 623.88 | D84: 623.88 | E84: 1620
A85: Poland | B85: 472.5 | C85: 477.9 | D85: 563.85 | E85: 1085
A86: Denmark | B86: 405
A87: OECD average incl. Lithuania | B87: 655.24052 | C87: 700.67915 | D87: 777.53065 | E87: 1029.2514
A88: EU23 average incl. Lithuania | B88: 633.37049 | C88: 665.29989 | D88: 753.57211 | E88: 1068.1682

Sheet Figure D4.3.
A1: Education at a Glance 2018: OECD Indicators - © OECD 2018
A2: D | B2: Indicator D4. How much time do teachers spend teaching?
A3: Version 2 - Last updated: 05-Sep-2018
A4: Disclaimer: http://oe.cd/disclaimer
A6: Figure D4.3.
A7: Number of teaching hours per year in general and vocational programmes at upper secondary level (2017)
A8: Net statutory contact time in public institutions
A37: 1. Average planned teaching time in each school at the beginning of the school year.
A38: Countries and economies are ranked in descending order of the number of teaching hours per year in general upper secondary education.
A39: Source: OECD (2018), Table D4.1. See Source section for more information and Annex 3 for notes (http://dx.doi.org/10.1787/eag-2018-36-en).
A40: Lithuania was not an OECD Member at the time of preparation of this publication. Accordingly, Lithuania does not appear in the list of OECD Members and is not included in the zone aggregates. OECD and EU23 averages including Lithuania have been added at the end of this table for information purposes.
B45: Upper secondary, vocational programmes | C45: Upper secondary, general programmes
A46: Costa Rica | B46: 1267.2 | C46: 1267.2
A47: Colombia | B47: 1200 | C47: 1200
A48: Chile | B48: 1063.5552 | C48: 1063.5552
A49: Latvia | B49: 1290 | C49: 1020
A50: Mexico | B50: 684 | C50: 837.9
A51: Canada | B51: 635 | C51: 745.74031
A52: Germany | B52: 726.1909 | C52: 719.32344
A53: Spain | B53: 692.55 | C53: 692.55
A54: France | B54: 684 | C54: 684
A55: OECD average | B55: 655.81928 | C55: 656.77701
A56: Hungary | B56: 651.6 | C56: 651.6
A57: Switzerland | B57: 741 | C57: 646
... A78: EU23 average incl. Lithuania | B78: 673.8528 | C78: 633.37049

Sheet Figure D4.4.
A1: Education at a Glance 2018: OECD Indicators - © OECD 2018
A2: D | B2: Indicator D4. How much time do teachers spend teaching?
A3: Version 2 - Last updated: 05-Sep-2018
A4: Disclaimer: http://oe.cd/disclaimer
A6: Figure D4.4.
A7: Percentage of lower secondary teachers' working time spent teaching (2017)
A8: Net teaching time (typical annual number of hours) as a percentage of total statutory working time in general programmes in public institutions
A33: 1. Average planned teaching time in each school at the beginning of the school year.
A34: 2. Actual teaching time.
A35: 3. Year of reference 2016 instead of 2017.
A36: Source: OECD (2018), Table D4.1. See Source section for more information and Annex 3 for notes (http://dx.doi.org/10.1787/eag-2018-36-en).
A37: Lithuania was not an OECD Member at the time of preparation of this publication. Accordingly, Lithuania does not appear in the list of OECD Members and is not included in the zone aggregates. OECD and EU23 averages including Lithuania have been added at the end of this table for information purposes.
B42: Net teaching time in hours | C42: Percentage of total statutory working time spent teaching
A43: Poland | B43: 477.9 | C43: 0.32290541
A44: Turkey | B44: 504 | C44: 0.31658291
A45: Korea | B45: 533.23146 | C45: 0.35081017
A46: Estonia | B46: 602 | C46: 0.39090909
A47: Austria | B47: 606.6 | C47: 0.34155405
A48: Japan1 | B48: 609.91057 | C48: 0.32390365
A49: Lithuania | B49: 612 | C49: 0.38636364
A50: Czech Republic | B50: 617.1 | C50: 0.39557692
A51: Iceland | B51: 623.88 | C51: 0.35447727
A52: Portugal | B52: 616 | C52: 0.42249657
A53: Slovak Republic | B53: 652.05 | C53: 0.41598086
A54: Hungary | B54: 655.2 | C54: 0.39375
... A67: Country average | B67: 717.95715 | C67: 0.43857317

Sheet Statutory vs actual
A1: Comparison between statutory versus actual (including extra-hours) teaching time
C5: Primary | D5: Lower secondary | E5: Upper secondary
B6: Notes | C6: Difference in teaching time | D6: Difference in teaching time | E6: Difference in teaching time
C7: (1) | D7: (3) | E7: (5)
A8: OECD
A9: Australia | C9: =IF(COUNT('Table D4.1.'!AC15,#REF!)=2,#REF!/'Table D4.1.'!AC15,"m") -> m | D9: =IF(COUNT('Table D4.1.'!AE15,#REF!)=2,#REF!/'Table D4.1.'!AE15,"m") -> m | E9: =IF(COUNT('Table D4.1.'!AI15,#REF!)=2,#REF!/'Table D4.1.'!AI15,"m") -> m
A10: Austria | C10: =IF(COUNT('Table D4.1.'!AC16,#REF!)=2,#REF!/'Table D4.1.'!AC16,"m") -> m | D10: =IF(COUNT('Table D4.1.'!AE16,#REF!)=2,#REF!/'Table D4.1.'!AE16,"m") -> m | E10: =IF(COUNT('Table D4.1.'!AI16,#REF!)=2,#REF!/'Table D4.1.'!AI16,"m") -> m
A11: Belgium (Fl.) | C11: =IF(COUNT('Table D4.1.'!AC50,#REF!)=2,#REF!/'Table D4.1.'!AC50,"m") -> m | D11: =IF(COUNT('Table D4.1.'!AE50,#REF!)=2,#REF!/'Table D4.1.'!AE50,"m") -> m | E11: =IF(COUNT('Table D4.1.'!AI50,#REF!)=2,#REF!/'Table D4.1.'!AI50,"m") -> m
A12: Belgium (Fr.) | C12: =IF(COUNT('Table D4.1.'!AC51,#REF!)=2,#REF!/'Table D4.1.'!AC51,"m") -> m | D12: =IF(COUNT('Table D4.1.'!AE51,#REF!)=2,#REF!/'Table D4.1.'!AE51,"m") -> m | E12: =IF(COUNT('Table D4.1.'!AI51,#REF!)=2,#REF!/'Table D4.1.'!AI51,"m") -> m
A13: Canada | C13: =IF(COUNT('Table D4.1.'!AC17,#REF!)=2,#REF!/'Table D4.1.'!AC17,"m") -> m | D13: =IF(COUNT('Table D4.1.'!AE17,#REF!)=2,#REF!/'Table D4.1.'!AE17,"m") -> m | E13: =IF(COUNT('Table D4.1.'!AI17,#REF!)=2,#REF!/'Table D4.1.'!AI17,"m") -> m
A14: Chile | C14: =IF(COUNT('Table D4.1.'!AC18,#REF!)=2,#REF!/'Table D4.1.'!AC18,"m") -> m | D14: =IF(COUNT('Table D4.1.'!AE18,#REF!)=2,#REF!/'Table D4.1.'!AE18,"m") -> m | E14: =IF(COUNT('Table D4.1.'!AI18,#REF!)=2,#REF!/'Table D4.1.'!AI18,"m") -> m
A15: Czech Republic | C15: =IF(COUNT('Table D4.1.'!AC19,#REF!)=2,#REF!/'Table D4.1.'!AC19,"m") -> m | D15: =IF(COUNT('Table D4.1.'!AE19,#REF!)=2,#REF!/'Table D4.1.'!AE19,"m") -> m | E15: =IF(COUNT('Table D4.1.'!AI19,#REF!)=2,#REF!/'Table D4.1.'!AI19,"m") -> m
A16: Denmark | C16: =IF(COUNT('Table D4.1.'!AC20,#REF!)=2,#REF!/'Table D4.1.'!AC20,"m") -> m | D16: =IF(COUNT('Table D4.1.'!AE20,#REF!)=2,#REF!/'Table D4.1.'!AE20,"m") -> m | E16: =IF(COUNT('Table D4.1.'!AI20,#REF!)=2,#REF!/'Table D4.1.'!AI20,"m") -> m
A17: England | C17: =IF(COUNT('Table D4.1.'!AC52,#REF!)=2,#REF!/'Table D4.1.'!AC52,"m") -> m | D17: =IF(COUNT('Table D4.1.'!AE52,#REF!)=2,#REF!/'Table D4.1.'!AE52,"m") -> m | E17: =IF(COUNT('Table D4.1.'!AI52,#REF!)=2,#REF!/'Table D4.1.'!AI52,"m") -> m
A18: Estonia | C18: =IF(COUNT('Table D4.1.'!AC21,#REF!)=2,#REF!/'Table D4.1.'!AC21,"m") -> m | D18: =IF(COUNT('Table D4.1.'!AE21,#REF!)=2,#REF!/'Table D4.1.'!AE21,"m") -> m | E18: =IF(COUNT('Table D4.1.'!AI21,#REF!)=2,#REF!/'Table D4.1.'!AI21,"m") -> m
A19: Finland | C19: =IF(COUNT('Table D4.1.'!AC22,#REF!)=2,#REF!/'Table D4.1.'!AC22,"m") -> m | D19: =IF(COUNT('Table D4.1.'!AE22,#REF!)=2,#REF!/'Table D4.1.'!AE22,"m") -> m | E19: =IF(COUNT('Table D4.1.'!AI22,#REF!)=2,#REF!/'Table D4.1.'!AI22,"m") -> m
A20: France | C20: =IF(COUNT('Table D4.1.'!AC23,#REF!)=2,#REF!/'Table D4.1.'!AC23,"m") -> m | D20: =IF(COUNT('Table D4.1.'!AE23,#REF!)=2,#REF!/'Table D4.1.'!AE23,"m") -> m | E20: =IF(COUNT('Table D4.1.'!AI23,#REF!)=2,#REF!/'Table D4.1.'!AI23,"m") -> m
A21: Germany | C21: =IF(COUNT('Table D4.1.'!AC24,#REF!)=2,#REF!/'Table D4.1.'!AC24,"m") -> m | D21: =IF(COUNT('Table D4.1.'!AE24,#REF!)=2,#REF!/'Table D4.1.'!AE24,"m") -> m | E21: =IF(COUNT('Table D4.1.'!AI24,#REF!)=2,#REF!/'Table D4.1.'!AI24,"m") -> m
A22: Greece | C22: =IF(COUNT('Table D4.1.'!AC25,#REF!)=2,#REF!/'Table D4.1.'!AC25,"m") -> m | D22: =IF(COUNT('Table D4.1.'!AE25,#REF!)=2,#REF!/'Table D4.1.'!AE25,"m") -> m | E22: =IF(COUNT('Table D4.1.'!AI25,#REF!)=2,#REF!/'Table D4.1.'!AI25,"m") -> m
A23: Hungary | C23: =IF(COUNT('Table D4.1.'!AC26,#REF!)=2,#REF!/'Table D4.1.'!AC26,"m") -> m | D23: =IF(COUNT('Table D4.1.'!AE26,#REF!)=2,#REF!/'Table D4.1.'!AE26,"m") -> m | E23: =IF(COUNT('Table D4.1.'!AI26,#REF!)=2,#REF!/'Table D4.1.'!AI26,"m") -> m
A24: Iceland | C24: =IF(COUNT('Table D4.1.'!AC27,#REF!)=2,#REF!/'Table D4.1.'!AC27,"m") -> m | D24: =IF(COUNT('Table D4.1.'!AE27,#REF!)=2,#REF!/'Table D4.1.'!AE27,"m") -> m | E24: =IF(COUNT('Table D4.1.'!AI27,#REF!)=2,#REF!/'Table D4.1.'!AI27,"m") -> m
A25: Ireland | C25: =IF(COUNT('Table D4.1.'!AC28,#REF!)=2,#REF!/'Table D4.1.'!AC28,"m") -> m | D25: =IF(COUNT('Table D4.1.'!AE28,#REF!)=2,#REF!/'Table D4.1.'!AE28,"m") -> m | E25: =IF(COUNT('Table D4.1.'!AI28,#REF!)=2,#REF!/'Table D4.1.'!AI28,"m") -> m
A26: Israel | C26: =IF(COUNT('Table D4.1.'!AC29,#REF!)=2,#REF!/'Table D4.1.'!AC29,"m") -> m | D26: =IF(COUNT('Table D4.1.'!AE29,#REF!)=2,#REF!/'Table D4.1.'!AE29,"m") -> m | E26: =IF(COUNT('Table D4.1.'!AI29,#REF!)=2,#REF!/'Table D4.1.'!AI29,"m") -> m
A27: Italy | C27: =IF(COUNT('Table D4.1.'!AC30,#REF!)=2,#REF!/'Table D4.1.'!AC30,"m") -> m | D27: =IF(COUNT('Table D4.1.'!AE30,#REF!)=2,#REF!/'Table D4.1.'!AE30,"m") -> m | E27: =IF(COUNT('Table D4.1.'!AI30,#REF!)=2,#REF!/'Table D4.1.'!AI30,"m") -> m
A28: Japan | C28: =IF(COUNT('Table D4.1.'!AC31,#REF!)=2,#REF!/'Table D4.1.'!AC31,"m") -> m | D28: =IF(COUNT('Table D4.1.'!AE31,#REF!)=2,#REF!/'Table D4.1.'!AE31,"m") -> m | E28: =IF(COUNT('Table D4.1.'!AI31,#REF!)=2,#REF!/'Table D4.1.'!AI31,"m") -> m
A29: Korea | C29: =IF(COUNT('Table D4.1.'!AC32,#REF!)=2,#REF!/'Table D4.1.'!AC32,"m") -> m | D29: =IF(COUNT('Table D4.1.'!AE32,#REF!)=2,#REF!/'Table D4.1.'!AE32,"m") -> m | E29: =IF(COUNT('Table D4.1.'!AI32,#REF!)=2,#REF!/'Table D4.1.'!AI32,"m") -> m
A30: Luxembourg | C30: =IF(COUNT('Table D4.1.'!AC34,#REF!)=2,#REF!/'Table D4.1.'!AC34,"m") -> m | D30: =IF(COUNT('Table D4.1.'!AE34,#REF!)=2,#REF!/'Table D4.1.'!AE34,"m") -> m | E30: =IF(COUNT('Table D4.1.'!AI34,#REF!)=2,#REF!/'Table D4.1.'!AI34,"m") -> m
A31: Mexico | C31: =IF(COUNT('Table D4.1.'!AC35,#REF!)=2,#REF!/'Table D4.1.'!AC35,"m") -> m | D31: =IF(COUNT('Table D4.1.'!AE35,#REF!)=2,#REF!/'Table D4.1.'!AE35,"m") -> m | E31: =IF(COUNT('Table D4.1.'!AI35,#REF!)=2,#REF!/'Table D4.1.'!AI35,"m") -> m
A32: Netherlands | C32: =IF(COUNT('Table D4.1.'!AC36,#REF!)=2,#REF!/'Table D4.1.'!AC36,"m") -> m | D32: =IF(COUNT('Table D4.1.'!AE36,#REF!)=2,#REF!/'Table D4.1.'!AE36,"m") -> m | E32: =IF(COUNT('Table D4.1.'!AI36,#REF!)=2,#REF!/'Table D4.1.'!AI36,"m") -> m
A33: New Zealand | C33: =IF(COUNT('Table D4.1.'!AC37,#REF!)=2,#REF!/'Table D4.1.'!AC37,"m") -> m | D33: =IF(COUNT('Table D4.1.'!AE37,#REF!)=2,#REF!/'Table D4.1.'!AE37,"m") -> m | E33: =IF(COUNT('Table D4.1.'!AI37,#REF!)=2,#REF!/'Table D4.1.'!AI37,"m") -> m
A34: Norway | C34: =IF(COUNT('Table D4.1.'!AC38,#REF!)=2,#REF!/'Table D4.1.'!AC38,"m") -> m | D34: =IF(COUNT('Table D4.1.'!AE38,#REF!)=2,#REF!/'Table D4.1.'!AE38,"m") -> m | E34: =IF(COUNT('Table D4.1.'!AI38,#REF!)=2,#REF!/'Table D4.1.'!AI38,"m") -> m
A35: Poland | C35: =IF(COUNT('Table D4.1.'!AC39,#REF!)=2,#REF!/'Table D4.1.'!AC39,"m") -> m | D35: =IF(COUNT('Table D4.1.'!AE39,#REF!)=2,#REF!/'Table D4.1.'!AE39,"m") -> m | E35: =IF(COUNT('Table D4.1.'!AI39,#REF!)=2,#REF!/'Table D4.1.'!AI39,"m") -> m
A36: Portugal | C36: =IF(COUNT('Table D4.1.'!AC40,#REF!)=2,#REF!/'Table D4.1.'!AC40,"m") -> m | D36: =IF(COUNT('Table D4.1.'!AE40,#REF!)=2,#REF!/'Table D4.1.'!AE40,"m") -> m | E36: =IF(COUNT('Table D4.1.'!AI40,#REF!)=2,#REF!/'Table D4.1.'!AI40,"m") -> m
A37: Scotland | C37: =IF(COUNT('Table D4.1.'!AC53,#REF!)=2,#REF!/'Table D4.1.'!AC53,"m") -> m | D37: =IF(COUNT('Table D4.1.'!AE53,#REF!)=2,#REF!/'Table D4.1.'!AE53,"m") -> m | E37: =IF(COUNT('Table D4.1.'!AI53,#REF!)=2,#REF!/'Table D4.1.'!AI53,"m") -> m
A38: Slovak Republic | C38: =IF(COUNT('Table D4.1.'!AC41,#REF!)=2,#REF!/'Table D4.1.'!AC41,"m") -> m | D38: =IF(COUNT('Table D4.1.'!AE41,#REF!)=2,#REF!/'Table D4.1.'!AE41,"m") -> m | E38: =IF(COUNT('Table D4.1.'!AI41,#REF!)=2,#REF!/'Table D4.1.'!AI41,"m") -> m
A39: Slovenia | C39: =IF(COUNT('Table D4.1.'!AC42,#REF!)=2,#REF!/'Table D4.1.'!AC42,"m") -> m | D39: =IF(COUNT('Table D4.1.'!AE42,#REF!)=2,#REF!/'Table D4.1.'!AE42,"m") -> m | E39: =IF(COUNT('Table D4.1.'!AI42,#REF!)=2,#REF!/'Table D4.1.'!AI42,"m") -> m
A40: Spain | C40: =IF(COUNT('Table D4.1.'!AC43,#REF!)=2,#REF!/'Table D4.1.'!AC43,"m") -> m | D40: =IF(COUNT('Table D4.1.'!AE43,#REF!)=2,#REF!/'Table D4.1.'!AE43,"m") -> m | E40: =IF(COUNT('Table D4.1.'!AI43,#REF!)=2,#REF!/'Table D4.1.'!AI43,"m") -> m
A41: Sweden | C41: =IF(COUNT('Table D4.1.'!AC44,#REF!)=2,#REF!/'Table D4.1.'!AC44,"m") -> m | D41: =IF(COUNT('Table D4.1.'!AE44,#REF!)=2,#REF!/'Table D4.1.'!AE44,"m") -> m | E41: =IF(COUNT('Table D4.1.'!AI44,#REF!)=2,#REF!/'Table D4.1.'!AI44,"m") -> m
A42: Switzerland | C42: =IF(COUNT('Table D4.1.'!AC45,#REF!)=2,#REF!/'Table D4.1.'!AC45,"m") -> m | D42: =IF(COUNT('Table D4.1.'!AE45,#REF!)=2,#REF!/'Table D4.1.'!AE45,"m") -> m | E42: =IF(COUNT('Table D4.1.'!AI45,#REF!)=2,#REF!/'Table D4.1.'!AI45,"m") -> m
A43: Turkey | C43: =IF(COUNT('Table D4.1.'!AC46,#REF!)=2,#REF!/'Table D4.1.'!AC46,"m") -> m | D43: =IF(COUNT('Table D4.1.'!AE46,#REF!)=2,#REF!/'Table D4.1.'!AE46,"m") -> m | E43: =IF(COUNT('Table D4.1.'!AI46,#REF!)=2,#REF!/'Table D4.1.'!AI46,"m") -> m
A44: United States | C44: =IF(COUNT('Table D4.1.'!AC47,#REF!)=2,#REF!/'Table D4.1.'!AC47,"m") -> m | D44: =IF(COUNT('Table D4.1.'!AE47,#REF!)=2,#REF!/'Table D4.1.'!AE47,"m") -> m | E44: =IF(COUNT('Table D4.1.'!AI47,#REF!)=2,#REF!/'Table D4.1.'!AI47,"m") -> m
C45: =IF(COUNT('Table D4.1.'!AC54,#REF!)=2,#REF!/'Table D4.1.'!AC54,"m") -> m | D45: =IF(COUNT('Table D4.1.'!AE54,#REF!)=2,#REF!/'Table D4.1.'!AE54,"m") -> m | E45: =IF(COUNT('Table D4.1.'!AI54,#REF!)=2,#REF!/'Table D4.1.'!AI54,"m") -> m
A46: OECD average | C46: =AVERAGE(C9:C45) -> #DIV/0! | D46: =AVERAGE(D9:D45) -> #DIV/0! | E46: =AVERAGE(E9:E45) -> #DIV/0!
A47: EU21 average | C47: =AVERAGE(C10:C12,C15:C23,C25,C27,C30,C32,C35:C41) -> #DIV/0! | D47: =AVERAGE(D10:D12,D15:D23,D25,D27,D30,D32,D35:D41) -> #DIV/0! | E47: =AVERAGE(E10:E12,E15:E23,E25,E27,E30,E32,E35:E41) -> #DIV/0!
C48: =IF(COUNT('Table D4.1.'!AC57,#REF!)=2,#REF!/'Table D4.1.'!AC57,"m") -> m | D48: =IF(COUNT('Table D4.1.'!AE57,#REF!)=2,#REF!/'Table D4.1.'!AE57,"m") -> m | E48: =IF(COUNT('Table D4.1.'!AI57,#REF!)=2,#REF!/'Table D4.1.'!AI57,"m") -> m
A49: Other G20 | C49: =IF(COUNT('Table D4.1.'!AC58,#REF!)=2,#REF!/'Table D4.1.'!AC58,"m") -> m | D49: =IF(COUNT('Table D4.1.'!AE58,#REF!)=2,#REF!/'Table D4.1.'!AE58,"m") -> m | E49: =IF(COUNT('Table D4.1.'!AI58,#REF!)=2,#REF!/'Table D4.1.'!AI58,"m") -> m
A50: Argentina | C50: =IF(COUNT('Table D4.1.'!AC59,#REF!)=2,#REF!/'Table D4.1.'!AC59,"m") -> m | D50: =IF(COUNT('Table D4.1.'!AE59,#REF!)=2,#REF!/'Table D4.1.'!AE59,"m") -> m | E50: =IF(COUNT('Table D4.1.'!AI59,#REF!)=2,#REF!/'Table D4.1.'!AI59,"m") -> m
A51: Brazil | C51: =IF(COUNT('Table D4.1.'!AC60,#REF!)=2,#REF!/'Table D4.1.'!AC60,"m") -> m | D51: =IF(COUNT('Table D4.1.'!AE60,#REF!)=2,#REF!/'Table D4.1.'!AE60,"m") -> m | E51: =IF(COUNT('Table D4.1.'!AI60,#REF!)=2,#REF!/'Table D4.1.'!AI60,"m") -> m
A52: China | C52: =IF(COUNT('Table D4.1.'!AC61,#REF!)=2,#REF!/'Table D4.1.'!AC61,"m") -> m | D52: =IF(COUNT('Table D4.1.'!AE61,#REF!)=2,#REF!/'Table D4.1.'!AE61,"m") -> m | E52: =IF(COUNT('Table D4.1.'!AI61,#REF!)=2,#REF!/'Table D4.1.'!AI61,"m") -> m
A53: Colombia | C53: =IF(COUNT('Table D4.1.'!AC62,#REF!)=2,#REF!/'Table D4.1.'!AC62,"m") -> m | D53: =IF(COUNT('Table D4.1.'!AE62,#REF!)=2,#REF!/'Table D4.1.'!AE62,"m") -> m | E53: =IF(COUNT('Table D4.1.'!AI62,#REF!)=2,#REF!/'Table D4.1.'!AI62,"m") -> m
A54: India | C54: =IF(COUNT('Table D4.1.'!AC64,#REF!)=2,#REF!/'Table D4.1.'!AC64,"m") -> m | D54: =IF(COUNT('Table D4.1.'!AE64,#REF!)=2,#REF!/'Table D4.1.'!AE64,"m") -> m | E54: =IF(COUNT('Table D4.1.'!AI64,#REF!)=2,#REF!/'Table D4.1.'!AI64,"m") -> m
A55: Indonesia | C55: =IF(COUNT('Table D4.1.'!AC65,#REF!)=2,#REF!/'Table D4.1.'!AC65,"m") -> m | D55: =IF(COUNT('Table D4.1.'!AE65,#REF!)=2,#REF!/'Table D4.1.'!AE65,"m") -> m | E55: =IF(COUNT('Table D4.1.'!AI65,#REF!)=2,#REF!/'Table D4.1.'!AI65,"m") -> m
A56: Latvia | C56: =IF(COUNT('Table D4.1.'!AC33,#REF!)=2,#REF!/'Table D4.1.'!AC33,"m") -> m | D56: =IF(COUNT('Table D4.1.'!AE33,#REF!)=2,#REF!/'Table D4.1.'!AE33,"m") -> m | E56: =IF(COUNT('Table D4.1.'!AI33,#REF!)=2,#REF!/'Table D4.1.'!AI33,"m") -> m
A57: Russian Federation | C57: =IF(COUNT('Table D4.1.'!AC67,#REF!)=2,#REF!/'Table D4.1.'!AC67,"m") -> m | D57: =IF(COUNT('Table D4.1.'!AE67,#REF!)=2,#REF!/'Table D4.1.'!AE67,"m") -> m | E57: =IF(COUNT('Table D4.1.'!AI67,#REF!)=2,#REF!/'Table D4.1.'!AI67,"m") -> m
A58: Saudi Arabia | C58: =IF(COUNT('Table D4.1.'!AC68,#REF!)=2,#REF!/'Table D4.1.'!AC68,"m") -> m | D58: =IF(COUNT('Table D4.1.'!AE68,#REF!)=2,#REF!/'Table D4.1.'!AE68,"m") -> m | E58: =IF(COUNT('Table D4.1.'!AI68,#REF!)=2,#REF!/'Table D4.1.'!AI68,"m") -> m
A59: South Africa | C59: =IF(COUNT('Table D4.1.'!AC69,#REF!)=2,#REF!/'Table D4.1.'!AC69,"m") -> m | D59: =IF(COUNT('Table D4.1.'!AE69,#REF!)=2,#REF!/'Table D4.1.'!AE69,"m") -> m | E59: =IF(COUNT('Table D4.1.'!AI69,#REF!)=2,#REF!/'Table D4.1.'!AI69,"m") -> m

Sheet Figure D4.5 (Web only).
A1: Education at a Glance 2018: OECD Indicators - © OECD 2018
A2: D | B2: Indicator D4. How much time do teachers spend teaching?
A3: Version 2 - Last updated: 05-Sep-2018
A4: Disclaimer: http://oe.cd/disclaimer
A6: Figure D4.5 (Web only).
A7: Actual and statutory teaching time in general lower secondary education (2016)
A8: Average teaching hours, over the school year, in public institutions
A33: Countries are ranked in descending order of the number of actual teaching hours per year in lower secondary education.
A34: Source: OECD (2018). Tables D4.2 and Table D4.4, available on line. See Source section for more information and Annex 3 for notes (http://dx.doi.org/10.1787/eag-2018-36-en).
B40: Actual teaching time | C40: Statutory teaching time
A41: Latvia | B41: 1046.93 | C41: 718.2
A42: Australia | B42: 817.74 | C42: 795.38401
A43: Switzerland | B43: 760 | C43: 760
A44: Slovenia | B44: 668 | C44: 627
A45: France | B45: 649.31334 | C45: 684
A46: Czech Republic | B46: 617.1 | C46: 617.1
A47: Estonia | B47: 610.92215 | C47: 602
A48: Portugal | B48: 605 | C48: 605
A49: Lithuania | B49: 602 | C49: 612
A50: Finland | B50: 598.5 | C50: 595.35
A51: Poland | B51: 548 | C51: 480.6

Sheet Figure D4.a.
A1: Education at a Glance 2018: OECD Indicators - © OECD 2018
A2: D | B2: Indicator D4. How much time do teachers spend teaching?
A3: Version 2 - Last updated: 05-Sep-2018
A4: Disclaimer: http://oe.cd/disclaimer
A6: Figure D4.a.
A7: Tasks and responsibilities lower secondary teachers are required to perform (2017)
A8: For lower secondary teachers teaching general programmes in public institutions
A35: Source: OECD (2018), Table D4.3. See Source section for more information and Annex 3 for notes (http://dx.doi.org/10.1787/eag-2018-36-en).
A36: Lithuania was not an OECD Member at the time of preparation of this publication. Accordingly, Lithuania does not appear in the list of OECD Members and is not included in the zone aggregates.
B41: Mandatory | C41: Required, at the discretion of individual schools | D41: Mandatory, or Required, at the discretion of individual schools | E41: Voluntary at the discretion of individual teachers or Required, at the discretion of individual schools | F41: Voluntary at the discretion of individual teachers | G41: Not required | H41: Not applicable | I41: Missing | J41: Mandatory, or Voluntary at the discretion of individual teachers
A42: Participation in mentoring programmes and/or supporting new teachers in induction programmes | B42: 4 | C42: 14 | D42: 0 | E42: 0 | F42: 18 | G42: 1 | H42: 1 | I42: 0 | J42: 0
A43: Special tasks (e.g. training student teachers; guidance counselling) | B43: 2 | C43: 14 | D43: 0 | E43: 0 | F43: 20 | G43: 2 | H43: 0 | I43: 0 | J43: 0
A44: Engaging in extracurricular activities (e.g. sports and drama clubs, homework clubs, summer school, etc.) | B44: 3 | C44: 7 | D44: 1 | E44: 0 | F44: 22 | G44: 5 | H44: 0 | I44: 0 | J44: 0
A45: Participation in school or other management in addition to teaching duties | B45: 5 | C45: 17 | D45: 1 | E45: 0 | F45: 13 | G45: 1 | H45: 1 | I45: 0 | J45: 0
A46: Teaching more classes or hours than required by full-time contract (e.g. overtime compensation) | B46: 3 | C46: 11 | D46: 1 | E46: 0 | F46: 16 | G46: 6 | H46: 0 | I46: 0 | J46: 1
A47: Class teacher/form teacher | B47: 4 | C47: 21 | D47: 1 | E47: 0 | F47: 6 | G47: 5 | H47: 1 | I47: 0 | J47: 0
A48: Students counselling (including student supervising, virtual counselling, career guidance, and delinquency prevention) | B48: 15 | C48: 10 | D48: 1 | E48: 0 | F48: 7 | G48: 5 | H48: 0 | I48: 0 | J48: 0
A50: Supervision of students during breaks | B50: 15 | C50: 14 | D50: 1 | E50: 0 | F50: 6 | G50: 2 | H50: 0 | I50: 0 | J50: 0
A51: Team work and dialogue with colleagues at school or elsewhere | B51: 25 | C51: 7 | D51: 1 | E51: 0 | F51: 5 | G51: 0 | H51: 0 | I51: 0 | J51: 0
A52: General administrative work (including communication, paperwork and other clerical duties a teacher undertakes as part of his/her job) | B52: 26 | C52: 8 | D52: 0 | E52: 0 | F52: 3 | G52: 1 | H52: 0 | I52: 0 | J52: 0
A53: Communication and co-operation with parents or guardians | B53: 31 | C53: 6 | D53: 0 | E53: 0 | F53: 1 | G53: 0 | H53: 0 | I53: 0 | J53: 0
A54: Marking/correcting of student work | B54: 34 | C54: 3 | D54: 0 | E54: 0 | F54: 1 | G54: 0 | H54: 0 | I54: 0 | J54: 0
... A56: Teaching | B56: 37 | C56: 1 | D56: 0 | E56: 0 | F56: 0 | G56: 0 | H56: 0 | I56: 0 | J56: 0
